smiles,activity_scaled,predicted
CC1(C)[C@@H]2C[C@H]1C(=C)CC2,12.299310151525084,11.85236825971544
COC(=O)C(C)OC1=CC=C(OC2=CC=C(Cl)C=C2Cl)C=C1,94.09832534166048,85.58303648893437
CCCCCCCCCCCCCC(=O)OCC(O)CO,38.098999539122815,53.359907084451635
CC(=O)O[C@@H]1C[C@@H]2CC[C@@]1(C)C2(C)C,11.7993161711453,8.522732057258125
CCCCCCCCCC=CCC1CC(=O)OC1=O,98.3982735729268,74.93872273703026
CCC/C=C/C=O,52.19882978583313,43.54737896074796
CC1=NN(CO)C(C)=C1,32.79906334709693,23.948585023760856
CC/C=C\CCOC(C)=O,13.999289684816404,17.934346649582174
CCCCC/C=C\CCC=O,69.59862030305017,69.46509446429711
C/C=C/C=C/CCCCCCCO,61.89871300520123,47.97836767111124
OCCOC(=O)C(C)=C.C12C3C(C(C1)CC2)C=CC3,75.49854927153191,27.720607602924645
C[C@H](CCO)CCC=C(C)C,38.79899111165456,41.19287591962947
CC/C=C\CCO,18.999229488614453,35.60016201852076
CC1=C(C)C(NC2=NC(SCC(O)=O)=NC(Cl)=C2)=CC=C1,94.29832293381244,79.63193738642906
ClC(Cl)C(C1=CC=C(Cl)C=C1)C2=C(Cl)C=CC=C2,27.99912113545082,25.080644528000946
CC1(C)N(CO)C(=O)NC1=O,3.8994112811444026,3.9107540193104953
COC1=CC2=C(C=C1)N(C(=O)C3=CC=C(Cl)C=C3)C(C)=C2CC(O)=O,101.6982338434334,73.9756466164721
CCO[Si](CCCNC(N)=O)(OCC)OCC,-29.500186608226198,18.836779348095646
CC(O)CN,5.499392018359828,5.585344921616269
CC1(C)N(Br)C(=O)N(Cl)C1=O,33.49905491962866,39.864972712314525
FC(F)(F)C1=CC=C(Cl)C=C1,8.89935108494246,0.6073593375264323
[O-][N+](=O)C1=CC=C(Cl)C=C1,27.99912113545082,57.81517578935747
CCCCCCCCCCN,10.09933663785398,22.68131332488568
CCCCCCCCCCO,69.49862150697429,27.872886829875426
CCCCCCCCCCCCS,5.099396834055938,35.560946615723566
CCCCCCCCCCCCO,71.2985998363415,30.416728914472444
CCCCCCCCCCCCN1CCCC1=O,29.699100668742133,28.63789012073424
CCOCC(C)O,2.9994221164608774,3.1629451992162316
CCCCCCCCCCCCCCCCO,-22.400272086832953,33.39006665264016
CCCCCCO,10.499331822157878,16.599698890589984
COCC(C)O,7.899363124182877,-0.870723636037134
CCC(C)(C)C1CCC(CC1)OC,34.199046492160406,14.15577287013835
CN1C=C(C(=O)C(=C1)C2=CC(=CC=C2)C(F)(F)F)C3=CC=CC=C3,23.79917170026056,47.965384609098976
CC1=C2C=CC=CC2=CC=C1,24.79915966102014,46.66577000379678
CCCCCCCCCCCC(=O)OCC(O)CO,52.398827377985086,50.24619157450725
OC(=O)CC1=C2C=CC=CC2=CC=C1,62.99869976203685,70.26660023096603
OC1=CC=CC2=CC=CC=C12,90.29837109077397,90.99863922776638
CCCCCCCCO,35.09903565684394,23.6648433165456
CCCCCC(O)C=C,14.69928125734814,42.03084427009409
CCCCCCCCN1CCCC1=O,19.499223468994245,21.856768198577058
CC(O)COC1=CC=CC=C1,9.899339045702035,16.681937729845302
O=C1C=CC(=O)N1C2=CC=CC=C2,54.99879607596007,44.52441067148385
NC(=O)NC1=CC=CC=C1,11.7993161711453,31.058557544214153
CCCOCC(C)O,6.399381183043516,5.471112551682502
CCCCCCCCCCCCC=C,9.599342657474196,38.41860142660914
CCCCCCCCCCCCCO,46.29890081735155,31.351871714944522
CC(C1=CC=C(C)C(C)=C1)C2=CC=C(C)C(C)=C2,41.09896342140155,40.3929086195519
C[SiH](O[Si](C)(C)C)O[Si](C)(C)C,10.599330618233779,4.939802217070266
CC(O)CN(CCN(CC(C)O)CC(C)O)CC(C)O,3.299418504688724,14.360324540998306
C1=CC2=C(N=C1)C3=C(C=CC=N3)C=C2,46.09890322519961,59.365238807013114
O=CC1=CC=CC=C1C=O,97.99827838862291,66.4004006378197
CC(C)CCCCCCCOC(=O)C1=CC=CC=C1C(=O)OCCCCCCCC(C)C,-5.700473142147644,32.62999836172851
O(C[C@@H]([C@H](CCC)CC)CCC)C(=O)C=1C(C(OCCCCCCCCCCCC)=O)=CC=CC1,6.099384794815506,34.9622224214544
OC1=C(O)C=CC=C1,34.39904408431235,41.0322494742541
BrCCBr,13.399296908360718,17.048401030441568
FC(F)(F)C1=CC=C(Cl)C(Cl)=C1,8.299358308486774,11.749143115837384
ClC1=C(Cl)C=CC=C1,20.799207817981667,21.581386669628728
CC1=CC=CC(=C1C)[N+]([O-])=O,55.998784036719655,62.21428301767898
[O-][N+](=O)C1=C(C=CC=C1)[N+]([O-])=O,60.89872504444166,74.25421410665126
C(COC1=CC=CC=C1)OC2=CC=CC=C2,23.39917651595667,53.90576808200021
O=C(CC1=CC=CC=C1)C2=CC=CC=C2,63.09869855811277,67.38606360352391
I.I.NCCN,13.399296908360718,2.7937106523427317
CCCCOC(CC)O,10.199335433929882,16.57412480179491
CC(O)CO,-6.800459898983277,3.8266619226069594
O=C1NC(=O)C2CC=CCC12,5.299394426207883,12.749295185227233
ClC1=CC(Cl)=C(Cl)C=C1,7.4993679398789865,31.98851100783388
CC1=CC(C)=C(C)C=C1,17.799243935702926,25.8643650710939
ClC1=CC(Cl)=C(Cl)C=C1Cl,1.4994401753213609,28.814595410449982
CC1=CC(C)=C(C)C=C1C,14.099288480892454,31.861777790020042
ClC(=O)C1=CC(=CC=C1)C(Cl)=O,36.79901519013539,41.81923380513102
CC(O)CCO,-5.800471938223694,17.7852263841909
C1C=CC=C1,10.899327006461618,17.356151925494743
Cl.ClC1=CC2=C(CN3CCCCCC3=N2)C(Cl)=C1,8.199359512410723,22.749826611163897
ClC1=CC(Cl)=CC=C1,6.499379979119404,36.790601022354664
[O-][N+](=O)C1=CC(=CC=C1)[N+]([O-])=O,11.099324598613563,66.22875400654627
O=C(CC(=O)C1=CC=CC=C1)C2=CC=CC=C2,71.2985998363415,75.26623091166196
CCN1CN(CC)CN(CC)C1,0.19945582633393855,-0.8644467524190205
CC(C)C1=CC(=CC(=C1)C(C)C)C(C)C,-31.800158917973278,8.250130414482037
C[Si]1(O[Si](C)(O[Si](C)(O[Si](C)(O1)C=C)C=C)C=C)C=C,99.6982579219142,83.13422676791146
NC1=CC=C(N)C=C1,108.0981567922949,72.53535022309276
OC(=O)C1CCC(CC1)C(O)=O,20.799207817981667,22.50025352815875
NC1=CC=C(N)C2=C1C(=O)C3=CC=CC=C3C2=O,69.49862150697429,82.42440324558322
ClC1=CC=C(Cl)C=C1,-12.700388867464852,14.832017441080787
CC1=CC=C(C)C2=C1C=CC=C2,54.99879607596007,47.752431180478155
C\1C/C=C/CC/C=C/CC/C=C1,10.499331822157878,5.117725731961791
NCCCCCCN,-5.100480365691958,12.2723859486211
CC12CCC(CC1)C(C)(C)O2,12.899302927980933,3.6149024194573727
OC(=O)CCCCCCCCC=C,92.59834340052095,62.7869460490802
CCCCCC(=O)O[C@@]1(CC[C@H]2[C@@H]3CCC4=CC(=O)CC[C@]4(C)[C@H]3CC[C@]12C)C(C)=O,28.999109096210404,22.96839111150507
C[C@]12CC[C@H]3[C@@H](CCC4=C3C=CC(O)=C4)[C@@H]1CC[C@H]2O,46.79889479773135,44.83923548045641
C12CC[C@@](O)(C#C)[C@@]1(C)CCC3C4=C(CCC23)C=C(O)C=C4,87.89839998495091,49.06760137648807
CC(=O)[C@@]1(O)CC[C@H]2[C@@H]3CCC4=CC(=O)CC[C@]4(C)[C@H]3CC[C@]12C,13.899290888740516,15.874306277718382
C12CC[C@H](O)[C@@]1(C)CCC3C4=CC=C(O)C=C4CCC23,55.79878644456771,39.38851163650486
CCCCOCCOCCO,8.699353492790507,10.448819499163072
CC1=C(OCC(O)=O)C=CC(Cl)=C1,79.39850231849432,67.29695172790491
CCNCCO,5.399393222283933,9.594832851121225
CC(OC1=CC(Cl)=CC=C1)C(O)=O,38.79899111165456,46.099228337906226
OCCC(F)(F)C(F)(F)C(F)(F)C(F)(F)C(F)(F)C(F)(F)F,56.79877440532728,56.61643141658965
CC(=C)C(=O)OCCC(F)(F)C(F)(F)C(F)(F)C(F)(F)C(F)(F)C(F)(F)F,9.399345065322244,51.27710814953116
CCOCCOCCOCCO,6.599378775195461,2.7185090074535054
COCCOCCOCCO,6.099384794815506,2.3051764371981562
OC1=CC=C(C=C1)C(=O)CBr,104.29820254140839,88.53398393956411
CCC(C)=NO,-0.8005321344256444,13.226392339546734
CCCCOCCOC(C)=O,8.299358308486774,13.847427982313206
OCC#CCO,11.099324598613563,19.56647246863531
ClC=1C=C(C2=CC=CC=C2)C=CC1O,105.69818568647185,99.74914202500088
ClCC=O,8.699353492790507,1.2061386111253327
ClCC(=O)C1=CC=CC=C1,25.99914521393167,41.98774091460852
OCCCl,10.199335433929882,-7.442365907301763
CCCCC(CC)CO,8.59935469671462,17.13527301331719
CCCC(O)C(CC)CO,5.299394426207883,20.95367886805414
CCCC=C(CC)C=O,23.19917892380471,19.95823338139097
CCC1=CC=CC(C)=C1N,30.29909344519797,40.89094159754568
CCCCC(CC)C(O)=O,-8.200443044046743,21.801079756236447
CCCCC(CC)COC(C)=O,10.09933663785398,28.32303399214271
CCCCC(CC)COP(=O)(OC1=CC=CC=C1)OC2=CC=CC=C2,53.098818950516815,59.816692753378675
CCCCC(CC)COC(=O)CS,58.69875153077055,43.297178405378304
CCC1=C(O)C=CC=C1,68.09863836191082,66.38237133721398
CCCCCC(C)=O,13.399296908360718,28.603468779599226
COC1=CC=C(C(=O)C2=CC=CC=C2)C(O)=C1,98.29827477685075,91.88779672782249
CC(=O)C1=CC=CC=C1O,19.099228284690355,53.489664265467596
OCCOC(=O)C=C,17.099252363171196,14.555054811372429
CCCCCCCCSCCO,74.99855529115212,36.348534321758095
SC1=NC2=C(S1)C=CC=C2,100.99824227090164,78.60685274043782
COC1=CC=C(C)C=C1N,37.399007966591086,66.7060736381585
COCCO,23.299177719880774,3.0383881549210443
COC1=C(O)C=CC=C1,52.29882858190918,45.5556450326408
CC(O)CC(C)(C)O,13.099300520132722,3.7934544867002273
CC1=C(N)C=CC=C1,30.099095853046038,49.653641665104615
Cl.CC1=CC=CC=C1N,38.99898870380649,45.99811780829596
CCC(C)COC(=O)CC(C)C,1.5994389713974044,11.150484800766563
CC(CCC#N)C#N,0.19945582633393855,8.184000659199086
CC(C)C#N,4.899399241904142,1.5199050329771921
NC1=CC=CC=C1[N+]([O-])=O,95.19831209849596,70.69829257780559
CCCCCCCCCCC(CO)CCCCCCCC,13.999289684816404,30.52414656733285
CCCC(C)=O,11.899314967221194,13.758650902620182
OCCOC1=CC=CC=C1,3.299418504688724,26.680213063235854
OCCC1=CC=CC=C1,7.399369143803085,20.801538959408077
O=C(OCCC1=CC=CC=C1)C2=CC=CC=C2,91.89835182798939,50.95569542072546
OC1=C(C=CC=C1)C2=CC=CC=C2,91.69835423583743,97.70704239482049
CCCOCCO,2.9994221164608774,3.469285631433067
O=C1CCCN1,13.099300520132722,7.799166782150053
CCC(C)C1CCCCC1=O,9.899339045702035,14.062196328848856
CCC1=CC(=C(O)C=C1)C(C)(C)C,87.89839998495091,60.789607554212196
CC1=CC(O)=C(C=C1)C(C)(C)C,66.19866123646756,68.40892779653538
CCCCCCCCCC(C)=O,15.799268014183774,40.06160402955531
NC(=O)C(Br)(Br)C#N,25.79914762177971,24.538432806044995
OC1=C(CC2=C(O)C=CC=C2)C=CC=C1,100.89824347482576,115.9832323162573
CC1=CC(CC2=CC(C)=CC(=C2O)C(C)(C)C)=C(O)C(=C1)C(C)(C)C,52.29882858190918,58.702247834791024
CCC1=CC(CC2=C(O)C(=CC(CC)=C2)C(C)(C)C)=C(O)C(=C1)C(C)(C)C,39.29898509203434,50.23953885546257
CC(C)(C1=CC(Cl)=C(O)C(Cl)=C1)C2=CC(Cl)=C(O)C(Cl)=C2,105.1981917060919,108.43578303935413
CC1=C(C)C(O)=CC=C1,67.59864438153103,81.9535678550659
CC1=CC=CC(=C1[N+]([O-])=O)[N+]([O-])=O,57.99875995823881,80.28121252555601
CC(C)(C1=CC=CC=C1)C2=CC(=C(O)C=C2)C(C)(C)C3=CC=CC=C3,97.59828320431902,65.99120009728279
CC(C)NC1=NC(NC(C)C)=NC(Cl)=N1,30.099095853046038,43.57675514327617
ClC1=C(OCC([O-])=O)C=CC(Cl)=C1.[Na+],90.4983686829259,90.4171181441566
CCCCOCCOC(=O)COC1=C(Cl)C=C(Cl)C=C1,71.79859381672128,63.765913096265365
C1=CC(=C(C=C1Cl)Cl)OCC(=O)O,86.69841443203939,83.69811382610536
OC(=O)CCCOC1=CC=C(Cl)C=C1Cl,99.39826153368637,81.6536382248376
OC1=CC=C(C(=O)C2=CC=CC=C2)C(O)=C1,106.99817003545928,106.89592481751879
OC1=C(C=C(C=C1)[N+]([O-])=O)[N+]([O-])=O,108.39815318052274,97.45445506849504
CC1=C(C=C(C=C1)[N+]([O-])=O)[N+]([O-])=O,74.69855890292413,83.72494501960293
OC1=C(Cl)C=C(Cl)C(Cl)=C1,103.3982133767247,95.2922522598212
OC(=O)COC1=C(Cl)C=C(Cl)C(Cl)=C1,97.09828922393922,92.35175044208114
OC1=C(Br)C=C(Br)C=C1Br,104.99819411394012,103.31652005443507
OC1=C(Cl)C=C(Cl)C=C1Cl,99.99825431014207,111.69444034553658
CC1=CC(C)=C(C(O)=O)C(C)=C1,35.69902843329977,56.79123376946188
CC1=CC(C)=C(O)C(C)=C1,81.69847462824134,77.4291573115305
C=CCOC1=NC(OCC=C)=NC(OCC=C)=N1,29.2991054844384,26.877777219125164
OC1=CC(Cl)=CC=C1Cl,104.99819411394012,84.56306666070213
CC(C)(C)OOC(C)(C)CCC(C)(C)OOC(C)(C)C,9.999337841778086,13.711144440714925
CC(C)(C)C1=CC=CC(=C1O)C(C)(C)C,29.999097056969973,56.11289618398884
ClC1=CC=CC(Cl)=C1C#N,77.69852278520302,66.4131164030846
CCC1=CC=CC(CC)=C1N,16.199263198487508,33.230617392939806
CN(C)CCCN,11.299322190765515,5.587420656357047
CCO[Si](CCCN)(OCC)OCC,-19.30030940847832,14.256565883612325
CCC1=CC=CC(O)=C1,59.298744307226386,65.64961321397139
OC1=CC2=C(CC3=CC=CC=C23)C=C1,85.29843128697593,105.95370108321293
CC(C)C1=CC=CC(O)=C1,78.89850833811454,59.62789161085435
CC(C)CCOC(C)=O,-18.70031663202248,16.536372781190195
CC1=CC(=CC=C1)[N+]([O-])=O,30.099095853046038,41.01170596424322
COCCOCCC[Si](C)(O[Si](C)(C)C)O[Si](C)(C)C,33.59905371570456,19.585370078674927
OC(=O)C1=CC(OC2=CC=CC=C2)=CC=C1,98.79826875723055,77.00193611028256
CCCC(CC)C1=CC=CC=C1,8.799352288866565,22.096644079585147
N#CC1=CN=CC=C1,5.499392018359828,17.726157582984833
CC(C)(C)C1=CC=CC(O)=C1,81.69847462824134,66.12105771707662
CC1CC(O)CC(C)(C)C1,9.799340249626141,3.170712464698312
CC1CC(CC(C)(C)C1)OC(=O)C2=C(O)C=CC=C2,68.5986323422906,27.850026748054262
CC1=CC(=CC=C1N)C2=CC=C(N)C(C)=C2,105.69818568647185,97.38137019784719
Cl.Cl.CC1=C(N)C=CC(=C1)C2=CC(C)=C(N)C=C2,107.69816160799101,88.70374491378371
CC(C)(C1=CC(Br)=C(O)C(Br)=C1)C2=CC(Br)=C(O)C(Br)=C2,105.79818448254775,101.21764335516119
C1COC=CC1,12.699305335828981,7.843381444112481
NC1=CC(Cl)=CC(Cl)=C1,93.49833256520463,73.1346392504885
CC(CCO)CC(C)(C)C,28.499115115830605,22.196268547278933
CCCCOCCOCCOCCOCCO,5.199395630131981,6.134017124956046
CC(C)=CCCC(C)=CC=O,33.49905491962866,47.11367835330779
CCC(C)(O)CCCC(C)C,11.299322190765515,20.092726304778992
CCC(C)(CCCC(C)C)OC(C)=O,9.599342657474196,17.908986398184993
CC1=CN([C@H]2C[C@H](N=[N+]=[N-])[C@@H](CO)O2)C(=O)NC1=O,1.9994341557013016,4.281895822975002
CC(C)(C)C1=CC=C(O)C=C1,67.09865040115123,72.03506143098683
CC(C)(C)CC(C)(C)C1=CC=C(O)C=C1,94.69831811811616,72.68644686443392
CCC(C)(C)C1=CC=C(O)C=C1,91.19836025545766,79.15350320837959
CC(=O)C=CC1=C(C)CCCC1(C)C,19.799219857222084,34.20256074559484
ClC1=CC=C(CCC(CN2C=NC=N2)(C#N)C3=CC=CC=C3)C=C1,22.79918373950099,28.128974393607336
CCC(C)C1=CC=C(O)C=C1,97.49828440824311,75.14256809648502
CCC(C)(C)C1CCC(=O)CC1,19.799219857222084,13.950590486953473
NN1C=NN=C1,4.599402853676146,-1.5317101526510797
NC1=CC=C(C=C1)C(O)=O,-5.900470734299596,49.03334095339493
CCOCN1C(=C(C#N)C(Br)=C1C(F)(F)F)C2=CC=C(Cl)C=C2,94.59831932204028,53.80382812248321
CCCCC1=CC=C(Cl)C=C1,15.299274033803982,24.69550177471045
CN(C)S(=O)(=O)N1C(=NC(Cl)=C1C2=CC=C(C)C=C2)C#N,103.29821458064879,60.082060644180444
ClC1=C(C(=C(O[H])C(=C1[H])[H])[H])C([H])([H])[H],85.7984252673557,77.6858442679685
ClC1=CC=C(C=C1)C(Cl)(Cl)Cl,98.79826875723055,62.090594282817364
OC1=CC=C(Cl)C=C1,55.29879246418791,52.309379028075014
OC(=O)COC1=CC=C(Cl)C=C1,34.799039268616085,40.977697178087894
NC(=O)NC1=CC=C(Cl)C=C1,18.999229488614453,33.87531500776953
CC(C)(C1=CC=CC=C1)C2=CC=C(O)C=C2,103.09821698849686,78.03956588361518
O=C1CCC(CC1)C2CCCCC2,53.5988129308966,24.50017967153812
CCCCCCCCCCCCN1CCOCC1,38.79899111165456,31.372308846249922
CCCCCCCCCCCCC1=CC=C(O)C=C1,100.29825069836988,79.82395472981622
CCOC1=CC=C(N)C=C1,7.799364328106826,46.75048741289095
CCC1COC(=O)O1,15.199275237727925,3.6514102952019343
CCCCCCOC1=CC=C(N)C=C1,94.69831811811616,60.22339204435262
CC(=O)C1=CC=C(O)C=C1,36.69901639405934,47.66623958932291
OC(=O)C1=CC=C(O)C=C1,84.29844332621633,53.5144046044083
CC(C)C1=CC=C(O)C=C1,73.19857696178475,60.94472174666497
COC1=CC=C(C=O)C=C1,24.999157253172086,38.028605077380874
CC(C)CC(C)O,11.999313763297245,10.851550918421161
CC(C)=CC(C)=O,34.799039268616085,23.44820551275886
CC1=CC=C(C=C)C=C1,12.99930172405682,48.55445750081266
OC(=O)C1=CC=C(C=C1)[N+]([O-])=O,29.099107892286455,53.113943317525454
OC1=CC=C(C=C1)[N+]([O-])=O,102.99821819242081,73.75536817698743
O=NC1=CC=C(NC2=CC=CC=C2)C=C1,108.89814716090254,74.31770869400081
CC1=CC=C(C=C1)[N+]([O-])=O,17.999241527854878,37.689255926839095
CCCCCCCCCC1=CC=C(O)C=C1,89.19838433393832,85.15250620795393
CC(C)CCCCCCC1=CC=C(O)C=C1,104.19820374533234,78.43118639807933
CCCCCCCCC1=CC=C(O)C=C1,102.49822421204101,86.5722482914538
CCCCCC1=CC=C(N)C=C1,89.39838192609028,47.14022875022235
OC1=CC=C(C=C1)C2=CC=CC=C2,100.89824347482576,90.11916704985191
CCCC1CCC(=O)CC1,34.899038064692135,20.821654794623328
CC(C)(C)C1=CC=C(N)C=C1,26.6991367864634,45.35696525032729
CC(C)(C)C1=CC=C(S)C=C1,37.89900194697087,46.71083893536381
CC(C)(C)C1CCC(=O)CC1,7.19937155165114,10.632179667897084
CC(C)(C)C1=CC=C(OC(=O)C2=C(O)C=CC=C2)C=C1,45.6989080408957,69.06442149999013
CC1=CC=C(C=C1)C(C)(C)C,8.799352288866565,26.093217526243393
CC1=CC=C(C=C1)S(N)(=O)=O,12.799304131904883,8.373058838595497
C1OC1C2CCC3OC3C2,8.199359512410723,-1.8071500008898482
CC(CCC(O)=O)(C1=CC=C(O)C=C1)C2=CC=C(O)C=C2,43.29893693507266,94.61923036966289
CC(C)(C)C1=CC=C(C=C1)C2=CC=C(C=C2)C(C)(C)C,6.099384794815506,39.27761291600474
NC1=CC=C(CC2=CC=C(N)C=C2)C=C1,75.29855167937997,77.5839280681623
O1CCN(CC1)SSN2CCOCC2,80.79848546355781,50.900467052786226
CN(C)C1=CC=C(CC2=CC=C(C=C2)N(C)C)C=C1,46.198902021275515,28.63330233656191
CC1=C(N)C=CC(CC2=CC(C)=C(N)C=C2)=C1,96.49829644748354,71.6855172045064
NC1=CC=C(OC2=CC=C(N)C=C2)C=C1,89.9983747025461,94.20544420492723
OC1=CC=C(C=C1)S(=O)(=O)C2=CC=C(O)C=C2,87.69840239279895,78.13714485620021
CC(C1=CC=C(O)C=C1)(C2=CC=C(O)C=C2)C3=CC=C(O)C=C3,100.198251902294,111.9641217038486
ClC1=C(Cl)C(=O)SS1,106.59817485115539,96.58265943716646
CC1=C(O)C(=CC(=C1)[N+]([O-])=O)[N+]([O-])=O,109.89813512166211,105.63102260980975
CCC1(C)NC(=O)NC1=O,10.599330618233779,0.5450138561934779
FC1=CNC(=O)NC1=O,14.099288480892454,14.328929323039176
COC1=C(N)C=C(C=C1)[N+]([O-])=O,68.99862752659449,89.63368271759401
CC1(C)NC(=O)N(C1=O)C2=CC(=C(C=C2)[N+]([O-])=O)C(F)(F)F,2.9994221164608774,39.31623891597421
CC1(C)NC(=O)NC1=O,9.699341453550097,4.030580721168093
O=C1NC(=O)C(N1)(C2=CC=CC=C2)C3=CC=CC=C3,24.099168088488398,52.11462823795051
C12CC[C@H](O)[C@@]1(C)CCC3C2CCC4CC(=O)CC[C@]34C,20.899206614057718,9.241843466564276
OC1=CC2=CC=C(SSC3=CC4=CC=C(O)C=C4C=C3)C=C2C=C1,100.09825310621795,100.1449269687891
CC1=CC(=O)NC(=S)N1,16.599258382791405,18.305278935796288
CC1=CC2=CC=CN=C2C=C1,43.09893934292087,45.4438469530847
[Na+].CCCCC(CC)CCC(CC(C)C)OS([O-])(=O)=O,102.99821819242081,78.12141160765425
[K+].CC1=CC(=O)[N-]S(=O)(=O)O1,23.999169292412503,44.152320639357995
CC(=O)NC1=CC=C(O)C=C1,-15.900350341895692,36.080619821945234
[Na+].CC1=C(OCC([O-])=O)C=CC(Cl)=C1,85.09843369482397,78.60659354359197
CCC(CC)C(C)CCOC(=O)C,12.299310151525084,28.507076712571163
CCOCN(C(=O)CCl)C1=C(CC)C=CC=C1C,51.39883941722549,41.20780997790058
CC(=O)C1=CC=CC=C1,19.499223468994245,24.159165181261514
C12C[C@@]3(CC(C(C)=O)=C1C)[C@H](C)CCC3C2(C)C,17.69924513962704,6.352742543338948
CSC(=O)C1=CC=CC2=C1SN=N2,72.19858900102517,72.20581167316809
S([O-])(=O)(=O)C=1C=C2C(C(/N=N/C=3C(=CC=CC3)C(F)(F)F)=C(N)C=C2)=C(O)C1.[Na+],103.09821698849686,96.3723082368796
OC(=O)C1=C(C=CC(OC2=CC=C(C=C2Cl)C(F)(F)F)=C1)[N+]([O-])=O,102.8982193963449,82.36856792502984
NC(=O)C=C,12.399308947601142,25.677423665939045
CCCCCCCCCCCC(=O)OCC(C)OC(=O)CCCCC(=O)O,34.2990452882363,41.061796834699464
CCC1=CC=CC(CC)=C1N(COC)C(=O)CCl,39.69898027633823,42.31027142981215
CSC(C)(C)C=NO,10.09933663785398,18.00006384988543
CNC(=O)ON=CC(C)(C)S(C)(=O)=O,7.799364328106826,3.982828022259177
CNC(=O)ON=CC(C)(C)S(C)=O,-5.700473142147644,2.402556692201223
C12CC(C=C1)C3C2[C@]4(Cl)C(Cl)=C(Cl)[C@@]3(Cl)C4(Cl)Cl,-15.00036117721201,-12.007137719690732
O1C(C1)COCCCCCCCCCCCC,57.69876357001097,46.697990331715445
NC(=O)NC1NC(=O)NC1=O,9.499343861398302,15.955981363833914
S([O-])(=O)(=O)C=1C(=CC(\N=N\C=2C3=C(C=C(S([O-])(=O)=O)C=C3)C=CC2O)=C(OC)C1)C.[Na+].[Na+],94.79831691419221,108.5307095642161
OCC=C,4.999398037980036,16.956591347651404
CCCCCC(C=O)=CC1=CC=CC=C1,77.29852760089913,63.78862737986071
CC(=O)/C=C/C1C(C)=CCCC1(C)C,46.198902021275515,50.22891718471509
CC(=O)C(C)=CC1C(C)=CCCC1(C)C,41.29896101355351,39.053324822812655
[Na+].CCCCCCCCCCCCOCCOS([O-])(=O)=O,98.3982735729268,94.32202662626386
CCCC(=O)OC(C)(C)CC1=CC=CC=C1,29.899098260894093,19.960041279391064
CCNC1=NC(SC)=NC(NC(C)C)=N1,62.098710597353175,43.53849957879898
Cl.CCCCC1=C(C(=O)C2=CC(I)=C(OCCN(CC)CC)C(I)=C2)C3=C(O1)C=CC=C3,48.39887553494677,70.51909467842187
CN(C=NC1=C(C)C=C(C)C=C1)C=NC2=C(C)C=C(C)C=C2,54.098806911276384,62.90791753700721
[NH4+].NC([O-])=O,14.69928125734814,4.800820868300804
[NH4+].[S-]C#N,11.7993161711453,17.071566748543482
[NH4+].[O-]C(=O)C(F)(F)C(F)(F)C(F)(F)C(F)(F)C(F)(F)C(F)(F)C(F)(F)F,104.19820374533234,85.89719170605514
[NH4+].NS([O-])(=O)=O,26.09914401000755,17.361387701781844
S(O)(=O)(=O)C1=C(C=C(C=C1)C)C.N,24.999157253172086,27.15412425632438
CC(C)(C#N)C1=CC(=CC(CN2C=NC=N2)=C1)C(C)(C)C#N,9.499343861398302,28.627723124454008
OC(CCCCCC)CC=CCCCCCCCC(OCCN(CCOC(=O)CCCCCCCC=CCC(O)CCCCCC)CCOC(=O)CCCCCCCC=CCC(O)CCCCCC)=O,60.79872624836575,36.89995860160856
OC1=CC=C(C=C1)C2=CC(=O)C3=C(O2)C=C(O)C=C3O,102.99821819242081,105.81368726700748
CC(=O)OC1=C(C=CC=C1)C(O)=O,36.59901759798345,41.206038799453594
COC(=O)NS(=O)(=O)C1=CC=C(N)C=C1,5.399393222283933,22.867166103287815
CC(C)NCC(O)COC1=CC=C(CC(N)=O)C=C1,15.399272829879877,19.03472365935886
[Ca].[Ca+2].FC1=CC=C(C=2N(C(C(C)C)=C(C2C3=CC=CC=C3)C(=O)NC4=CC=CC=C4)CC[C@@H](O)C[C@@H](O)CC([O-])=O)C=C1.FC1=CC=C(C=2N(C(C(C)C)=C(C2C3=CC=CC=C3)C(=O)NC4=CC=CC=C4)CC[C@@H](O)C[C@@H](O)CC([O-])=O)C=C1,62.99869976203685,61.01145197464082
CCNC1=NC(NC(C)C)=NC(Cl)=N1,6.899375163423301,35.231041950254266
[Na+].[O-]C(=O)C1=CC=C2N(CC3=NOC(=C3)C4=CC=C(Cl)S4)C(=NC2=C1)C(=O)NC5CCN(CC5)C6CC6,46.198902021275515,30.345111745964616
COP(=O)(OC)SCN1C(=O)OC2=CC(Cl)=CN=C12,34.2990452882363,39.56101726232532
CN1C=NC(=C1SC2=NC=NC3=C2NC=N3)[N+]([O-])=O,86.79841322811544,49.0987935569179
[Cl-].CCNC1=CC=C(C(C2=CC=C(C=C2)N(CC)CC)=C3C=CC(C=C3)=[N+](CC)CC)C4=C1C=CC=C4,110.298130305966,48.68630013645121
CNC(=O)OC1=CC=CC2=C1OC(C)(C)O2,24.199166884564292,25.559560380188984
CCCCN(CC)C1=C(C=C(C=C1[N+]([O-])=O)C(F)(F)F)[N+]([O-])=O,37.49900676266698,80.1932108764269
IC1=C(C=CC=C1)C(=O)NC2=CC=CC=C2,73.59857214608864,87.74261708951715
CCCCNC(=O)N1C(NC(=O)OC)=NC2=C1C=CC=C2,40.39897184886996,34.85815380784034
CC(C)OP(=S)(OC(C)C)SCCNS(=O)(=O)C1=CC=CC=C1,21.49919939051341,30.170807267033837
ClC(Cl)C1=CC=CC=C1,12.399308947601142,24.141983670339314
CCOC(=O)C1=CC=C(N)C=C1,37.29900917051518,53.45646546945571
OC(=O)C1=CC=CC=C1,-17.100335894807216,17.590033879441485
OC(C(=O)C1=CC=CC=C1)C2=CC=CC=C2,57.39876718178313,59.086353800697836
O=C(C1=CC=CC=C1)C2=CC=CC=C2,86.99841082026722,76.0987366211
ClC(Cl)(Cl)C1=CC=CC=C1,62.39870698558117,57.502505554166376
OC1=CC=C(C=C1)C(=O)OCC2=CC=CC=C2,103.19821578457274,81.88418085941964
CC(=O)OCC1=CC=CC=C1,11.7993161711453,24.545545599491064
OCC1=CC=CC=C1,43.29893693507266,25.068995789751582
O=C(OCC1=CC=CC=C1)C2=CC=CC=C2,88.19839637317875,61.28309890903459
CCCCOC(=O)C1=C(C=CC=C1)C(=O)OCC2=CC=CC=C2,71.09860224418955,62.333029732678696
O=C(OCC1=CC=CC=C1)C=CC2=CC=CC=C2,75.39855047545585,62.27845583677532
[Cl-].[N+](CCCCCCCCCC)(CC1=CC=CC=C1)(C)C,-8.50043943227459,29.412062500016646
CCCCC(CC)COC(=O)CCCCC(=O)OCC1=CC=CC=C1,13.49929570443662,29.283860500075875
FC1=CC=C(CC2CCN(CCS(=O)C3=CC=C4NC(=O)OC4=C3)CC2)C=C1,-16.30034552619943,1.9302913990841262
CC1=C(C=CC=C1COC(=O)[C@@H]2[C@H](/C=C(\Cl)/C(F)(F)F)C2(C)C)C3=CC=CC=C3,54.79879848380813,32.94909235875032
CC(C)OP(C)(=O)OC(C)C,10.899327006461618,-5.047927044652937
CCCCC(CC)COC(=O)/C=C\C(=O)OCC(CC)CCCC,14.69928125734814,38.16704440774592
CCCCC(CC)COC(=O)C1=C(Br)C(Br)=C(Br)C(Br)=C1C(=O)OCC(CC)CCCC,32.39906816279303,27.100751305806938
CCCCC(CC)COC(=O)CCCCC(=O)OCC(CC)CCCC,-0.4005369501217473,11.031398969893374
CC(C)(C1=CC=C(O)C=C1)C2=CC=C(O)C=C2,95.99830246710374,101.37474688340617
CC(C)(C1=CC=C(OCC2CO2)C=C1)C3=CC=C(OCC4CO4)C=C3,31.899074182413244,46.047349009213306
OC1=CC=C(C=C1)C(C2=CC=C(O)C=C2)(C(F)(F)F)C(F)(F)F,100.6982458826738,70.34596630517933
CCC(C)(C1=CC=C(O)C=C1)C2=CC=C(O)C=C2,95.19831209849596,97.83629522197393
OB(O)O,-4.800483977464118,-6.729349943821759
ClC1=CC=C(C=C1)C2=C(NC(=O)C3=C(Cl)N=CC=C3)C=CC=C2,29.2991054844384,73.55551660893322
CCC(C)N1C(=O)NC(C)=C(Br)C1=O,22.59918614734903,10.883861965235724
OC1=C(Br)C=C(C=C1Br)C#N,101.79823263950942,110.99613812300854
CS(=O)(=O)OCCCCOS(C)(=O)=O,11.399320986841403,14.289373724381704
CCCCOCN(C(=O)CCl)C1=C(CC)C=CC=C1CC,39.19898629595829,29.03984610942841
CN1C(=O)N(C(=O)C=C1C(F)(F)F)C2=CC(C(=O)OC(C)(C)C(=O)OCC=C)=C(Cl)C=C2,40.898965829249775,37.719186682618925
CC(C)N(CC1=CC=CC=C1)C(=O)C(C)(C)C,10.09933663785398,12.097125681321224
CCCCOC(=O)C=C,4.499404057600245,18.070939067421904
CCCCOC(=O)C1=CC=CC=C1,17.099252363171196,41.71176431290144
CCCCOCC1CO1,5.499392018359828,26.1918149264353
CCSC(=O)N(CC(C)C)CC(C)C,13.299298112284667,9.131274412052413
CCCCC1=CC=CC=C1,15.999265606335562,18.326857073217226
CCCCC1=CC2=C(C=CC=C2S(=O)(=O)[O-])C=C1.[Na+],101.09824106697769,72.40906735979853
CCCCOC(=O)C1=CC=C(O)C=C1,100.09825310621795,75.06196435733251
CCCC=NO,7.099372755575246,15.91362643924078
[Na+].[Na+].OC1=C(N=NC2=CC=CC=C2)C3=C(C=C(C=C3C=C1)S([O-])(=O)=O)S([O-])(=O)=O,108.79814836482666,100.46675873249575
[Na+].CC1=NN(C(=O)C1N=NC2=CC=CC=C2)C3=CC=C(C=C3)S([O-])(=O)=O,108.29815438444669,61.694169986809385
[Na+].[Na+].CC1=NN(C(=O)C1N=NC2=CC=C(C=C2)S([O-])(=O)=O)C3=CC(Cl)=C(C=C3Cl)S([O-])(=O)=O,102.19822782381317,96.7268722422755
C1=CC=C2C(=C1)C(=O)C(C2=O)C3=NC4=C(C=C(C=C4C=C3)S(=O)(=O)[O-])S(=O)(=O)[O-].[Na+].[Na+],97.29828681609118,74.1065842231238
[Na+].CC1=NN(C(=O)C1/N=N/C2=CC=CC=C2)C3=CC(=CC=C3Cl)S([O-])(=O)=O,109.59813873343427,95.11278004377556
CC1=C(N)C=C(C=C1)[N+]([O-])=O,80.79848546355781,79.75170792897012
S([O-])(=O)(=O)C=1C=C2C(=C(O)C1/N=N/C3=CC=C(/N=N/C4=CC=C(S([O-])(=O)=O)C=C4)C=C3)C=CC(NC(=O)C5=CC=CC=C5)=C2.[Na+].[Na+],103.3982133767247,114.8721677565357
COC1=CC(=CC=C1N)C2=CC(OC)=C(N)C=C2,102.8982193963449,109.18386401613657
Cl.Cl.COC1=CC(=CC=C1N)C2=CC=C(N)C(OC)=C2,110.3981291020419,100.52138446776831
CCCCCCCCCCCCCCCS(=O)(=O)OC1=CC=CC=C1,6.499379979119404,87.83966038862064
[Ca+2].[O-]C(=O)C(CCCCCC)(C)C.[O-]C(=O)C(CCCCCC)(C)C,53.298816542668774,48.798961125506736
CC1(C)C2CCC(C2)C1=C,6.899375163423301,10.775165607935662
COCCOC[C@H](CC1(CCCC1)C(=O)N[C@H]2CC[C@H](CC2)C(O)=O)C(=O)OC3=CC4=C(CCC4)C=C3,4.799400445828084,22.50493635117465
O=C1CCCCCN1,-0.2005393579699586,4.967518999791402
O=C1N(SC(Cl)(Cl)Cl)C(=O)C2CC=CCC12,89.09838553786244,46.213341909285504
NC(=O)N1C2=CC=CC=C2C=CC3=C1C=CC=C3,56.598776813175334,80.49766781156367
COC(=O)NC1=NC2=CC=CC=C2N1,-20.80029134961769,29.171235150586654
CCCCN(CCCC)SN(C)C(=O)OC1=C2OC(C)(C)CC2=CC=C1,67.49864558545514,64.8390852370915
CC1=C(SCCO1)C(=O)NC2=CC=CC=C2,36.69901639405934,49.35530231552448
CS(O)(=O)=O.CC(C)C1=CC=C(C=C1S(C)(=O)=O)C(=O)N=C(N)N,11.7993161711453,23.574935490612305
CC1=CC=C(C=C1)C2=CC(=NN2C3=CC=C(C=C3)S(N)(=O)=O)C(F)(F)F,56.898773201403344,51.213690241248514
CC(=O)C1=CC(=CC2=C1CCC2(C)C)C(C)(C)C,6.199383590891564,19.902650777762332
NC1=C(Cl)C(=CC(Cl)=C1)C(O)=O,93.89832774950852,85.08000885015696
CC1=CC=C(S(=O)(=O)[N-]Cl)C=C1.O.O.O.[Na+],88.89838794571048,49.639646115413086
ClC1CC2C(C1Cl)C3(Cl)C(Cl)=C(Cl)C2(Cl)C3(Cl)Cl,62.598704577732974,16.52739161047998
OC(=O)C1C(C(O)=O)C2(Cl)C(Cl)=C(Cl)C1(Cl)C2(Cl)Cl,69.59862030305017,70.8689391412486
CCOP(=S)(OCC)OC(Cl)C(Cl)(Cl)Cl,89.59837951824221,52.732504919157634
NC1=C(Cl)C(=O)N(N=C1)C2=CC=CC=C2,63.89868892672054,49.73737304619766
ClC1=CC=C(C=C1)C(C(=O)C2C(=O)C3=C(C=CC=C3)C2=O)C4=CC=CC=C4,90.39836988684985,58.61631112053412
ClC=1C=C(C=CC1)C.C=1C=C(C=CC1Cl)C,11.299322190765515,18.163381622510578
CC(C)OC(=O)NC1=CC=CC(Cl)=C1,74.19856492254434,42.45994788843532
CCOP(=S)(OCC)OC1=NC(Cl)=C(Cl)C=C1Cl,102.79822060026902,97.2454473718594
CCOP(=O)(OCC)OC1=NC(Cl)=C(Cl)C=C1Cl,99.39826153368637,80.75834639942862
COP(=S)(OC)OC1=NC(Cl)=C(Cl)C=C1Cl,99.59825912583818,104.8562789174795
COC(=O)C1=C(Cl)C(Cl)=C(C(=O)OC)C(Cl)=C1Cl,99.6982579219142,90.25015217592534
OC1=CC2=C(C(O)=C1)C(=O)C=C(O2)C3=CC=CC=C3,94.69831811811616,99.45214563907851
NC1=CC2=C3N(CCC3=C1)C(=O)[C@H](NC(=O)C4=CC=CN=C4)N=C2C5=CC=CC=C5,40.09897546064198,39.52379295029898
CC(C)[C@]12CC[C@](C)(O1)[C@@H](C2)OCC3=C(C)C=CC=C3,45.89890563304766,23.944965987800117
OC(=O)CC(O)(CC(O)=O)C(O)=O,-10.700412945945693,5.058224936012614
CCOC(=O)CC(CC(=O)OCC)(OC(C)=O)C(=O)OCC,12.09931255937314,20.5129405512927
CC(CCO)CCC=C(C)C,92.89833978874896,43.20114219401992
NC(=O)N(O)[C@H]1C[C@@H](OC2=CC=CC(OC3=CC=C(F)C=C3)=C2)C=C1,92.99833858482486,38.630101732912735
NC1=NC(Cl)=NC2=C1N=CN2[C@H]3C[C@H](O)[C@@H](CO)O3,6.299382386967459,4.039242215768439
C[C@@H](OC1=CC=C(OC2=NC=C(Cl)C=C2F)C=C1)C(=O)OCC#C,57.29876838570708,59.845541362326884
CCOC(=O)C(C)(C)OC1=CC=C(Cl)C=C1,42.09895138216113,46.282115472396654
OC(=O)C1=C(Cl)C=CC(Cl)=N1,30.799087425577767,54.60306807672424
OC1=C(CC2=CC=CC=C2)C=C(Cl)C=C1,104.99819411394012,92.32981374902346
COC(=O)C(CC1=CN=CN1)N.Cl,85.69842647127982,29.445497813150254
COC1=CC2=C(C(OC)=C1OC)C3=CC=C(OC)C(=O)C=C3[C@H](CC2)NC(C)=O,41.698956197857385,43.62113504322785
[Co].[Co].[Co].[Co].[Co].[Co].[Co].[Co].[Co].[Co].[Co].[Co].[Co].[Co].[Co].[Co].[Co].[Co],32.19907057064124,30.761928353823507
C[C@]12C[C@H](O)[C@H]3[C@@H](CCC4=CC(=O)CC[C@]34C)[C@@H]1CC[C@@H]2C(=O)CO,12.599306539752938,18.31818477874831
CN1[C@@H](CCC1=O)C2=CN=CC=C2,4.799400445828084,10.467654469964735
O[C@@H]1[C@H](CC2=CC=CC(=C2)C(O)=O)COC3=C1C=C(OCC4=NC5=C(S4)C=CC(F)=C5)C=C3,64.59868049925228,43.54778881576044
CC(CC1=CC=C(OCC(O)=O)C=C1)NCC(O)C2=CSC(=N2)C(F)(F)F,22.29918975912119,40.08748240464759
FC1=CC=C(C2(O)CCN([C@H]3[C@@H](O)C4=C(OC3)C=C(O)C=C4)CC2)C=C1,59.59874069545424,34.92240114603001
CCC1=NN(C2CCCCC2)C3=C1C=CC(=C3)[C@]4(CC[C@@H](CC4)C(O)=O)C#N,62.698703373809025,36.48540591620056
CS(O)(=O)=O.CCOC1=CC=CC(=C1)[C@]2(CC[C@H](C)CC2)N3CCN(CC3)C4=CC=CC=C4,15.499271625955778,19.855787988024332
CC(C)(O)C1=CC=C(CNC(=O)C2=CC=CN=C2OC3=CC=C(F)C=C3)C=C1,10.499331822157878,42.462729934581304
[Na+].CC(C)C1=CC=CC(C(C)C)=C1NC(=O)[N-]S(=O)(=O)C2=CC(=CO2)C(C)(C)O,37.29900917051518,67.4785925575613
ONC(=O)C1(CCCC1)N(CCC(O)=O)S(=O)(=O)C2=CC=C(OC3=CC=C(F)C=C3)C=C2,29.999097056969973,40.12469119186272
CC[C@@H]1C[C@H](N(CC2=CC(=CC(=C2)C(F)(F)F)C(F)(F)F)C(C)=O)C3=C(C=CC(=C3)C(F)(F)F)N1C(=O)OC(C)C,41.698956197857385,15.683442360295459
ONC(=O)C1(CCOCC1)NS(=O)(=O)C2=CC=C(OC3=CC=C(F)C=C3)C=C2,48.39887553494677,26.84658071874783
CNCC1=C(OC2=CC=C(Cl)C(Cl)=C2)C=CC(F)=C1,35.499030841147814,68.53880701606637
CC(C)(O)C1=CC=C(CNC(=O)C2=CC=CN=C2OC3=CC4=NON=C4C=C3)C=C1,5.099396834055938,27.462522063505673
CC1=CC(NC(=O)C(O)=O)=CC(C)=C1OC2=CC=C(O)C3=C2CCC3,105.39818929824386,83.20821882751972
C[C@@H](O)C1=NC(=CC=N1)N2[C@@H](C)CN(C[C@H]2C)C3=NC(C)=NC(C)=N3,0.39945341848588356,25.9730268688146
C[C@@H](OC1=CC=C(CNC(=O)C2=CC=CN=C2OC3=CC=C4OCOC4=C3)C(F)=C1)C(O)=O,11.099324598613563,40.22621102805478
OC(CCCCCC)C/C=C/CCCCCCCOC(OCCOC(COCCOC(OCCCCCCC\C=C\CC(O)CCCCCC)=O)COCCOC(OCCCCCCC\C=C\CC(O)CCCCCC)=O)=O,-22.00027690252922,38.65760845819001
CCNC1=NC(NC(C)(C)C#N)=NC(Cl)=N1,30.699088629501716,39.89417758192752
CSC1=NC(NC(C)(C)C)=NC(NC2CC2)=N1,85.99842285950766,56.95195201372013
OC(=O)C1(CC1)C(=O)NC2=CC=C(Cl)C=C2Cl,96.39829765140749,67.77295809549796
O=C(C1CCC1)C2=CC=CC=C2,30.799087425577767,22.75944821408099
OC1CCCCCCCCCCC1,44.89891767228809,22.932596027086802
O=C1CCCCC1,0.9994461949415623,7.244254414745278
ON=C1CCCCC1,11.099324598613563,22.91895363309787
[C@H]1(C[C@@H](C)C[C@H](C)C1=O)[C@H](O)CC2CC(=O)NC(=O)C2,10.799328210385724,16.600757277710677
NC1CCCCC1,11.7993161711453,13.055853774789455
O=C(C1CCCCC1)C2=CC=CC=C2,45.49891044874393,25.19534669221774
C12NC[C@@H](C)C[C@H]1O[C@]3(CCC4C(C[C@H]5C4CC=C6C[C@@H](O)CC[C@]56C)=C3C)[C@@H]2C,-3.7004972206284847,4.49337236956783
O.ClCCN(CCCl)P1(=O)NCCCO1,63.2986961502647,25.141394868744584
CC1(C)C(C=C(Cl)Cl)C1C(=O)OC(C#N)C2=CC=C(F)C(OC3=CC=CC=C3)=C2,48.09887914671877,58.07983520878062
CCCCOC(=O)[C@@H](C)OC1=CC=C(OC2=C(F)C=C(C=C2)C#N)C=C1,51.09884302899766,69.53342091284892
CC1=NC(NC2=CC=CC=C2)=NC(=C1)C3CC3,90.9983626633057,54.19508144141548
NC1=NC(NC2CC2)=NC(N)=N1,24.199166884564292,16.19963935881823
Cl.O1C(N2C=CC(=NC2=O)N)C(O)[C@H](O)C1CO,8.699353492790507,-1.258114921965685
NC1=CC=C(C=C1)S(=O)(=O)C2=CC=C(N)C=C2,24.999157253172086,53.19136001546032
ClC1=CC=C(C=C1)C(C2=CC=C(Cl)C=C2)C(Cl)(Cl)Cl,14.899278849500085,23.08285891857375
CCCCCCCCCC=O,94.69831811811616,36.11130710851906
OC(=O)CCCCCCCCC(O)=O,39.49898268418629,52.98337290640548
CCCCCCCCCC(O)=O,93.6983301573566,55.77742418626703
CCN(CC)C(=O)C1=CC=CC(C)=C1,51.79883460152939,22.29468234970497
CC(=O)C1C(=O)C=C(C)OC1=O,40.99896462532567,31.595917425210956
C12CCC(=O)[C@@]1(C)CCC3C2CC=C4C[C@@H](O)CC[C@]34C,37.49900676266698,3.6425803226516535
CCNC1=NC(N)=NC(Cl)=N1,20.19921504152599,12.09691616387083
[O-]C(=O)C1=CC=CC=C1.CC[N+](CC)(CC(=O)NC1=C(C)C=CC=C1C)CC2=CC=CC=C2,12.699305335828981,46.56147891288997
O=C1[N-]S(=O)(=O)C2=C1C=CC=C2.CC[N+](CC)(CC(=O)NC1=C(C)C=CC=C1C)CC2=CC=CC=C2,21.49919939051341,52.832918857244636
P(OCC(=O)[C@]1(O)[C@@]2(C(C3[C@](F)([C@@H](O)C2)[C@@]4(C(CC3)=CC(=O)C=C4)C)C[C@H]1C)C)([O-])([O-])=O.[Na+].[Na+],7.099372755575246,17.848608652907224
CCCCCCCCOC(=O)C1=C(C=CC=C1)C(=O)OCCCCCCCC,15.099276441652037,39.114206921952956
CC(C)(C)OOC(C)(C)C,6.799376367347243,-2.6775157296185057
CCCCC(CC)COC(=O)C1=C(C=CC=C1)C(=O)OCC(CC)CCCC,5.599390814435722,30.447077625166273
CC(=O)CC(C)(C)O,-17.00033709873117,5.042172011356769
C=CCOC(=O)C1=C(C=CC=C1)C(=O)OCC=C,65.19867327570796,57.73750745448481
S=P(OC1=NC(=NC(=C1)C)C(C)C)(OCC)OCC,39.09898749988241,59.12841712883919
OCNC(=O)N(CO)C1N(CO)C(=O)N(CO)C1=O,9.699341453550097,13.113995947271341
S1C2=C(C=CC=C2)C3=C1C=CC=C3,15.699269218107723,71.17221025081535
CCCCOC(=O)C1=CC=CC=C1C(=O)OCCCC,70.79860585596171,44.072834146610106
CCCCOC(=O)CCCCC(=O)OCCCC,9.899339045702035,2.0832002583728766
CCCCOC(=O)CCCCCCCC(=O)OCCCC,29.19910668836235,11.144732790761381
CCCCOC(=O)CCCCCCCCC(=O)OCCCC,-0.500535746197798,14.336798107285752
COC1=C(Cl)C=CC(Cl)=C1C(O)=O,62.79870216988492,71.22734573988492
ClC(Cl)C(=O)N(CC=C)CC=C,17.199251159247083,24.496433197128212
OC1=CC=C(Cl)C=C1CC2=CC(Cl)=CC=C2O,105.49818809431991,115.8069611812592
CC(OC1=C(Cl)C=C(Cl)C=C1)C(O)=O,81.69847462824134,78.80843012749106
COP(=O)(OC)OC=C(Cl)Cl,13.899290888740516,7.994514805006908
OC(C1=CC=C(Cl)C=C1)(C2=CC=C(Cl)C=C2)C(Cl)(Cl)Cl,64.59868049925228,58.704690765063546
CC(C)(OOC(C)(C)C1=CC=CC=C1)C2=CC=CC=C2,80.69848666748175,42.618754555955064
C1CCC(CC1)SSC2CCCCC2,22.699184943424925,50.198215318318816
O=C(OC1CCCCC1)C2=C(C=CC=C2)C(=O)OC3CCCCC3,37.799003150894976,21.313966803796788
[Na+].[O-]S(=O)(=O)C(CC(=O)OC1CCCCC1)C(=O)OC2CCCCC2,73.99856733039255,58.483632575067446
C1C=CC2C3CC(C=C3)C12,13.599294500512663,11.74371078194224
OC[C@@H]1CC[C@@H](O1)N2C=NC3=C2N=CNC3=O,1.6994377674733059,-1.499176628543779
ClC1=C(Cl)[C@]2(Cl)[C@@H]3[C@@H]4C[C@@H]([C@H]5O[C@@H]45)[C@@H]3[C@@]1(Cl)C2(Cl)Cl,25.89914641785562,6.754873489904142
OCCNCCO,14.599282461272246,9.160818532537242
CCOC(=O)CCC(=O)OCC,6.399381183043516,1.9751626930560064
[P+](OCC)(OCC)=O,6.399381183043516,6.1597208121740366
CCOC(=O)C1=CC=CC=C1C(=O)OCC,44.098927303680455,49.82252676998243
CCOS(=O)(=O)OCC,-4.000493608856324,6.355008355766849
OCCOCCO,0.39945341848588356,2.1398952484651517
C1=CC=C(C=C1)C(=O)OCCOCCOC(=O)C2=CC=CC=C2,29.19910668836235,38.11239491276257
COCCOCCO,10.299334230005933,1.9746486193116652
CC/C(=C(/CC)\C1=CC=C(O)C=C1)/C2=CC=C(O)C=C2,103.19821578457274,96.6104626188363
COS([O-])(=O)=O.CN1C(=CC(C2=CC=CC=C2)=[N+]1C)C3=CC=CC=C3,90.9983626633057,64.83286667276383
FC1=CC=CC(F)=C1C(=O)NC(=O)NC2=CC=C(Cl)C=C2,-8.000445451894798,27.16055233810259
COC1=CC=C(C=C1)N2N=C(C=C2C3=CC=C(C=C3)S(C)=O)C(F)F,33.09905973532477,52.27854972322942
C[C@H]1O[C@H](C[C@H](O)[C@@H]1O)O[C@H]2[C@@H](O)C[C@H](O[C@H]3[C@@H](O)C[C@H](O[C@H]4CC[C@@]5(C)[C@H](CC[C@@H]6[C@@H]5C[C@@H](O)[C@]7(C)[C@H](CC[C@]67O)C8=CC(=O)OC8)C4)O[C@@H]3C)O[C@@H]2C,13.099300520132722,11.335868864872474
CCCCCCOC(=O)CCCCC(=O)OCCCCCC,0.9994461949415623,4.763293484962567
CCCCCCOC(=O)C1=C(C=CC=C1)C(=O)OCCCCCC,17.69924513962704,35.72544373399781
OC(CCCC(C=C)=C)(C)C,28.89911030013451,20.538562159509624
CC(C)COC(=O)CCCCC(=O)OCC(C)C,63.19869735418881,3.7421205513706326
CC(C)CCCCCCCOC(=O)CCCCC(=O)OCCCCCCCC(C)C,4.599402853676146,18.903047341696343
CC(C)CCCCCCCOP(OCCCCCCCC(C)C)OC1=CC=CC=C1,101.89823143558533,53.54831619174634
CC(C)CCCCCCOC(=O)CCCCC(=O)OCCCCCCC(C)C,-3.7004972206284847,15.491554615331367
CC(C)CCCCCCOC(=O)C1CCCCC1C(=O)OCCCCCCC(C)C,-35.90010955708763,27.65909155149872
CC(C)CCCCCOC(=O)CCCCC(=O)OCCCCCC(C)C,20.999205410133612,11.415880771226767
CC(O)CNCC(C)O,11.49931978291746,2.315574550665964
CC(C)OC(=O)C1=CC=CC=C1C(=O)OC(C)C,56.498778017099454,43.81618984965283
CNC(=O)CSP(=S)(OC)OC,39.69898027633823,43.718470208779706
CC1CC(OC(C)=O)OC(C)O1,-24.10025162012443,-7.438871069829638
CO[Si](C)(C)OC,3.499416096840676,3.8011655928656154
COC(=O)CCCC(=O)OC,8.099360716334822,-0.582963297723623
COC(=O)C1=CC(=CC=C1)C(=O)OC,40.698968237097816,29.016505433455464
COP(C)(=O)OC,12.99930172405682,-0.4329099236870775
COC(=O)C1=C(C=CC=C1)C(=O)OC,38.19899833519872,37.979441915635604
COC(=O)CCC(=O)OC,4.999398037980036,-1.9210626947135765
COS(=O)(=O)OC,11.899314967221194,8.912797390646915
COC(=O)C1=CC=C(C=C1)C(=O)OC,39.598981480262196,34.40381521657751
NC=1C(=C(C=CC1)C)C.NC1=C(C=CC=C1C)C.NC1=CC(=C(C=C1)C)C.NC1=C(C=C(C=C1)C)C.NC1=C(C=CC(=C1)C)C.NC1=CC(=CC(=C1)C)C,33.89905010393255,50.79228260925676
C[As](C)(O)=O,-1.8005200951852203,-4.487111469082876
CN(C)C(Cl)=O,-3.900494812780437,3.2940469638703718
C[Sn](C)(Cl)Cl,-1.700521299109326,-3.0620385704523443
CC(C)(C)C(O)/C(=C\C1=C(Cl)C=C(Cl)C=C1)/N2C=NC=N2,82.69846258900107,75.81981489523145
O(C=1C(N(=O)=O)=CC=CC1)C(=O)/C=C/C.ON=O.C(CCCC)CCC,111.09812067457364,71.26973522405743
CCC(C)C1=CC(=CC(=C1O)[N+]([O-])=O)[N+]([O-])=O,108.99814595697842,112.40518833661557
CNC(NCC1CCOC1)=N[N+]([O-])=O,7.399369143803085,3.1244371878110186
CC(C)CCCCCCOC(=O)C1=CC=CC=C1C(=O)OCCCCCCC(C)C,13.399296908360718,30.137036077987318
CCCCCOC(=O)C1=C(C=CC=C1)C(=O)OCCCCC,49.59886108785828,39.744595723403094
O=C(OC1=CC=CC=C1)C2=CC(=CC=C2)C(=O)OC3=CC=CC=C3,78.99850713419043,83.67481202965928
O(C1=CC=CC=C1)C2=CC=CC=C2,57.89876116216291,85.7618304732334
OP(=O)(OC1=CC=CC=C1)OC2=CC=CC=C2,45.79890683697177,37.33352985558426
N(C1=CC=CC=C1)C2=CC=CC=C2,83.79844934583653,77.36254804208258
CCCOC(=O)C1=CC=C(N=C1)C(=O)OCCC,33.19905853140081,39.98933643896221
O(C(CO)C)C(CO)C.O(CC(O)C)CC(O)C,4.099408873296355,5.114354012991349
COCCOCCO,-5.300477957843903,1.9746486193116652
O(CC(OC(=O)C1=CC=CC=C1)C)CC(OC(=O)C2=CC=CC=C2)C,34.69904047254019,35.50338655615809
CSC(=O)C1=C(N=C(C(C(=O)SC)=C1CC(C)C)C(F)(F)F)C(F)F,44.798918876212184,61.18139222667877
CN(C)C(=O)NC1=CC(Cl)=C(Cl)C=C1,34.39904408431235,38.090027709943655
C=1(C(=CC=CC1)C=C)C=C,23.79917170026056,90.25906422747681
CC(C)CCC[C@@H](C)CCC[C@@H](C)CCC[C@]1(C)CCC2=C(O1)C(C)=C(C)C(OC(C)=O)=C2C,-3.7004972206284847,39.211894433217196
[Na+].CCCCC(CC)COC(=O)CC(C(=O)OCC(CC)CCCC)S([O-])(=O)=O,104.69819772571228,64.99778930585994
CCCCCCCCCCCCC1=CC=CC=C1,-13.600378032148537,38.17400924299261
CCCCCCCCCCCCC1=CC(=CC=C1)S(=O)(=O)O.C(CO)N(CCO)CCO,101.79823263950942,58.71662245986968
S(O)(=O)(=O)C=1C(CCCCCCCCCCCC)=CC=CC1,105.29819050216796,83.31930195577593
OC1=CC=C(C=C1)CCCCCCCCCCCC,99.79825671799011,79.82395472981622
[Cl-].[Cl-].[Cl-].[Dy+3],6.299382386967459,4.797373550250377
OC(=O)/C=C/C1=CC=CC=C1,53.498814134820705,74.56520712225196
ClC1=C(Cl)C2(Cl)C3COS(=O)OCC3C1(Cl)C2(Cl)Cl,16.39926079063946,27.320206795305836
ClC1=C(Cl)[C@]2(Cl)[C@@H]3COS(=O)OC[C@@H]3[C@@]1(Cl)C2(Cl)Cl,18.899230692538403,5.663937725239215
OC(=O)C1C2CCC(O2)C1C(O)=O,-3.4005008324006383,-6.460450495994429
CCOP(=S)(OC1=CC=C(C=C1)[N+]([O-])=O)C2=CC=CC=C2,78.59851194988656,81.70523999690802
FC1=CC=C(C=C1)[C@@]2(CN3C=NC=N3)O[C@@H]2C4=C(Cl)C=CC=C4,62.19870939342924,23.13352326205157
CC[C@H]1OC(=O)[C@H](C)[C@@H](O[C@H]2C[C@@](C)(OC)[C@@H](O)[C@H](C)O2)[C@H](C)[C@@H](O[C@@H]3O[C@H](C)C[C@@H]([C@H]3O)N(C)C)[C@](C)(O)C[C@@H](C)C(=O)[C@H](C)[C@@H](O)[C@]1(C)O,13.399296908360718,2.1446299108502487
CC(C)[C@H](C(=O)O[C@H](C#N)C1=CC=CC(OC2=CC=CC=C2)=C1)C3=CC=C(Cl)C=C3,47.09889118595919,61.71977647521024
COC1=CC=C(CC=C)C=C1,21.599198186589447,55.04354719663969
C[C@]12CC[C@H]3[C@@H](CCC4=C3C=CC(O)=C4)[C@@H]1C[C@@H](O)[C@@H]2O,29.699100668742133,45.96068330382738
C12CCC(=O)[C@@]1(C)CCC3C4=C(CCC23)C=C(O)C=C4,15.299274033803982,33.788829660188924
CCOC1OC2=C(C=C(OS(C)(=O)=O)C=C2)C1(C)C,82.59846379292502,51.20097123602308
CCOC(=O)CC1=CC=CC2=C1C=CC=C2,83.99844693798849,56.85261158256991
CCOC(=O)C1OC1C2=CC=CC=C2,40.09897546064198,19.637021530140814
CCC(=O)C1=CC=C(Cl)C=C1,15.599270422031822,36.014375858052205
CCN(CCO)CCO,4.499404057600245,5.634460563939832
CCCCCC(=O)OCC,1.7994365635493565,5.643504373887836
CCCCCCCC/C=C\CCCCCCCC(=O)OCC,17.69924513962704,49.83652663962131
CCOC(OCC)OCC,11.999313763297245,8.004195807201071
CCOC(=O)CC,10.599330618233779,1.56070693646857
CCOC(=O)CCCCCCCCC=C,26.799135582539293,35.3761306247051
OCCO,4.899399241904142,2.2621324809896493
CCOCCOC(C)=O,12.299310151525084,2.288916155065678
O=C(OCCOCCOCCOC(=O)C1=CC=CC=C1)C2=CC=CC=C2,25.99914521393167,33.12054027244194
CCOC(=O)C1=CC=C(O)C=C1,81.2984794439376,67.0492308223612
CCOC1=CC=C(C=C1)C(C)(C)COCC2=CC(OC3=CC=CC=C3)=CC=C2,51.69883580545334,73.66415248696923
CCOC1=C(C=CC(=C1)C(C)(C)C)C2COC(=N2)C3=C(F)C=CC=C3F,40.09897546064198,38.10542832253725
COC1=C(O)C=CC(CC=C)=C1,91.19836025545766,86.12022627200113
[K+].CCC1=CC(=CC2=C1OCO2)C3=C(N(C4=CC=CC=C4C(F)(F)F)S(=O)(=O)C5=C3C=CC=C5)C([O-])=O,81.2984794439376,66.7371664597973
CC(C)=CCCC(C)=CCCC(C)=CCO,89.9983747025461,59.53910373129274
[Na+].[Na+].CCN(CC1=CC(=CC=C1)S([O-])(=O)=O)C2=CC=C(C=C2)C(=C3C=CC(C=C3)=[N+](CC)CC4=CC(=CC=C4)S([O-])(=O)=O)C5=C(C=C(O)C=C5)S([O-])(=O)=O,56.898773201403344,75.2816099245185
S([O-])(=O)(=O)C1=CC2=C(C(/N=N/C3=CC=C(S([O-])(=O)=O)C=C3)=C(O)C=C2)C=C1.[Na+].[Na+],97.89827959254686,104.77423879580599
CSC1=N[C@](C)(C(=O)N1NC2=CC=CC=C2)C3=CC=CC=C3,35.29903324899587,40.176832957362194
CC1(C)C2CCC(C)(C2)C1O,3.5994148929165632,1.1545195592650614
COP(=S)(OC)OC1=CC=C(C(C)=C1)[N+]([O-])=O,98.3982735729268,97.50933136071859
CC(C)OC(=O)C(C)(C)OC1=CC=C(C=C1)C(=O)C2=CC=C(Cl)C=C2,24.79915966102014,55.98435290820116
CCOC(=O)NCCOC1=CC=C(OC2=CC=CC=C2)C=C1,83.69845054976065,61.43263172940556
COP(=S)(OC)OC1=CC(C)=C(SC)C=C1,93.99832654558443,96.75925456822284
CN(C)C(=O)NC1=CC=CC=C1,6.899375163423301,14.447360681876368
NC1=C(C(=NN1C2=C(Cl)C=C(C=C2Cl)C(F)(F)F)C#N)S(=O)C(F)(F)F,57.39876718178313,65.80666922279453
O=C1C=C(OC2=CC=CC=C12)C3=CC=CC=C3,95.09831330242008,92.29169453288716
[O-][N+](=O)C1=CC(=C(Cl)C(=C1NC2=C(Cl)C=C(C=N2)C(F)(F)F)[N+]([O-])=O)C(F)(F)F,108.69814956875058,73.02083887529801
OC(CN1C=NC=N1)(CN2C=NC=N2)C3=C(F)C=C(F)C=C3,8.799352288866565,12.664410378170096
CC(C)N(C(=O)COC1=NN=C(S1)C(F)(F)F)C2=CC=C(F)C=C2,66.7986540129234,45.003003337604724
FC1=CC=CC(F)=C1C(=O)NC(=O)NC2=C(F)C=C(OC3=C(Cl)C=C(C=C3)C(F)(F)F)C=C2,19.99921744937403,44.397030541542065
CCOC(=O)COC1=CC(N2N=CC(=C(C)C2=O)C(F)(F)F)=C(F)C=C1Cl,24.69916086494409,51.09770721261815
CCN(CC1=C(Cl)C=CC=C1F)C2=C(C=C(C=C2[N+]([O-])=O)C(F)(F)F)[N+]([O-])=O,61.09872263659359,63.79151742469246
FC1=CC2=C(C=C1N3C(=O)C4=C(CCCC4)C3=O)N(CC#C)C(=O)CO2,85.19843249090002,54.133445511448414
CN(C)C(=O)NC1=CC=CC(=C1)C(F)(F)F,54.79879848380813,16.46650411140523
OCCC(F)(F)C(F)(F)C(F)(F)C(F)(F)C(F)(F)C(F)(F)C(F)(F)C(F)(F)F,45.79890683697177,61.34423264511287
CO/N=C(/C1=NOCCO1)\C2=C(OC3=NC=NC(OC4=CC=CC=C4Cl)=C3F)C=CC=C2,88.19839637317875,71.05750916658536
NC1=C(Cl)C(F)=NC(OCC(O)=O)=C1Cl,84.49844091836829,60.33800672963419
CCCCCCC(C)OC(=O)COC1=NC(F)=C(Cl)C(N)=C1Cl,84.19844453014042,62.75946254352037
C[Si](CN1C=NC=N1)(C2=CC=C(F)C=C2)C3=CC=C(F)C=C3,52.19882978583313,20.89037867833889
CC(C)C(=O)NC1=CC(=C(C=C1)[N+]([O-])=O)C(F)(F)F,30.399092241273877,36.789003721791914
CC(C)OC1=CC(NC(=O)C2=C(C=CC=C2)C(F)(F)F)=CC=C1,75.59854806760781,53.14558369250145
CS(=O)(=O)NC(=O)C1=CC(OC2=CC=C(C=C2Cl)C(F)(F)F)=CC=C1[N+]([O-])=O,97.59828320431902,80.31788455930284
ClC1=NC=CC(NC(=O)NC2=CC=CC=C2)=C1,54.59880089165617,53.41712802814364
C=O,14.599282461272246,9.505288980759119
NC=O,2.299430543929141,13.384463536016206
CC1=C(C2=C(O1)C(NC(=O)C3=C(Cl)C=CC=C3Cl)=CC=C2)C(C)(C)O,102.09822902773729,68.7150846309865
OC(=O)/C=C/C(O)=O,5.999385998739619,52.98898451811917
CCCOC(=O)C1=CC(O)=C(O)C(O)=C1,104.79819652178819,91.42640474239067
O=C1CCCO1,11.299322190765515,5.295567167852106
CCC1CCC(=O)O1,53.99880811520049,13.775325899706104
CCCC1CCC(=O)O1,10.599330618233779,21.74650586033306
CCCCCC1CCC(=O)O1,13.299298112284667,35.067444461032736
CC(C)=CCC/C(/C)=C/COC(C)=O,24.599162068868196,39.324309657763294
C12CC[C@@]3(O)C[C@]1(CC3=C)[C@@H](C(O)=O)C4[C@@]5(C)[C@@H](O)C=C[C@@]24OC5=O,-5.400476753919797,2.817029728578497
CCCCCCCC(=O)OCC(CO)O,34.99903686076803,36.68111195470085
CCCCCCCCC=CCCCCCCCC(=O)OCC(CO)O,76.4985372322915,58.106276527022615
CCCCCCC(CC=CCCCCCCCC(=O)OCC(CO)O)O,85.59842767520391,52.648173065371836
CCCCCCCCCCCCCCCCCC(=O)OCC(O)CO,9.299346269246357,56.263365352965764
OCC1CO1,2.8994233203848268,-0.9074215894686475
CCCCCCCCCC1=CC=C(OCCO)C=C1,44.298924895832386,57.77922734680537
C12C(NC(=O)N1)NC(=O)N2,6.499379979119404,3.6701977465818914
CCCCCCC(CCCCCCCCCCC(=O)OCC(COC(=O)C)OC(=O)C)OC(=O)C,21.199203002285557,44.118309693229065
NC(=O)CN(CC(F)(F)F)C1=CC(=C(C=C1)C#N)C(F)(F)F,21.29920179836145,28.766093200661814
CC1=CC=C(C=C1)S(O)(=O)=O.CCN(C(C)C)C(=O)C1=CC(OC[C@H](C)NC2=CC=NC=C2)=CC(C)=C1,5.899387202663718,32.0761875809188
C12[C@@H]3O[C@@H]3[C@H](Cl)C1[C@@]4(Cl)C(Cl)=C(Cl)C2(Cl)C4(Cl)Cl,-20.20029857316185,-14.194067907462902
CCCCCCC=O,56.898773201403344,29.179341531942214
CCCCCCC(O)=O,43.29893693507266,45.71532432954176
CCCCCCC(=O)C1=CC=CC=C1,41.698956197857385,48.498685359490395
CCCCCCCOC(=O)CCC,18.599234304310563,12.23865579907519
CCCCCCCOC(=O)C1=CC=C(O)C=C1,102.99821819242081,81.30710932166446
ClC(Cl)=C(Cl)C(Cl)=C(Cl)Cl,98.8982675533066,93.914284067985
ClC1=C(Cl)C(Cl)(Cl)C(Cl)=C1Cl,98.3982735729268,100.34866864950544
CCCCC(O)(CN1C=NC=N1)C2=CC=C(Cl)C=C2Cl,68.99862752659449,52.208744772669036
CCCCCCCCCCCCCCCC,10.09933663785398,30.682286882961336
CCCCCCCCCCCCCCCC(O)=O,53.398815338744654,57.17008559930497
FC(F)C(F)(F)OC1=C(Cl)C=C(NC(=O)NC(=O)C2=C(F)C=CC=C2F)C=C1Cl,-18.90031422417443,44.806497838832854
O=C(OCCCCCCOC(=O)C1=CC=CC=C1)C2=CC=CC=C2,26.799135582539293,50.67248938699156
N#CCCCCC#N,15.899266810259668,8.745109991194504
OC(=O)CCCCC(O)=O,13.799292092664459,16.94652155018847
O(CC(C(CC)C)C)C(=O)CCCCCC(OCC(CCC)CC)=O,11.599318578993355,11.6194453340985
CCCCCC(O)=O,11.199323394689614,34.140602979543985
CN(C)C1=NC(=O)N(C2CCCCC2)C(=O)N1C,21.599198186589447,19.53534076746952
CCCCCCOC(=O)C1=CC=CC=C1,51.19884182507356,46.848918495106815
C[C@H]1[C@@H](SC(=O)N1C(=O)NC2CCCCC2)C3=CC=C(Cl)C=C3,56.39877922102356,34.65929582769543
NS(=O)(=O)C1=CC2=C(NCNS2(=O)=O)C=C1Cl,-6.700461102907383,14.158077562093105
OC1=CC=C(O)C=C1,19.89921865329815,30.212763676476413
COC1=CC=C(OC)C=C1,19.199227080766406,28.751800654584386
CC(CCCC(C)(C)O)CC=O,28.69911270798255,28.878902147916747
CC(C)(O)C(=O)NC1=CC(=C(C=C1)[N+]([O-])=O)C(F)(F)F,29.799099464818184,28.21144111008968
CCC(C)OC(=O)N1CCCCC1CCO,13.399296908360718,10.403978444823053
CC(C)CCCCCCC1=CC=C(C=C1)OCCOCCO,2.7994245243089324,37.69679693507442
O=C1NC(=NC1(C(C)C)C)C2=C(C=CC(=C2)C)C(OC)=O,12.199311355449197,18.64270570973096
CC(C)C1(C)NC(=NC1=O)C2=NC=C(C)C=C2C(O)=O,12.499307743677036,8.293617165302244
CC(C)C1(C)N=C(NC1=O)C2=NC3=C(C=CC=C3)C=C2C(O)=O,14.499283665196195,30.02945318713769
CCC1=CN=C(C2=NC(C)(C(C)C)C(=O)N2)C(=C1)C(O)=O,8.199359512410723,15.633119292664851
N1C=CN=C1,3.5994148929165632,7.527679685811357
OCN1C(NC(=O)NCNC(=O)NC2N(CO)C(=O)NC2=O)C(=O)NC1=O,20.499211429753828,11.015447564002187
[As]#[In],-16.20034673012353,-17.706578284568337
COC(=O)N(C(=O)N1CO[C@]2(CC3=C(C=CC(Cl)=C3)C2=N1)C(=O)OC)C4=CC=C(OC(F)(F)F)C=C4,37.89900194697087,39.373469579548
O[C@H]([C@H](CC1=CC=CC=C1)NC(=O)C2=CC3=CC(Cl)=CC=C3N2)C(=O)N4C[C@H](O)[C@H](O)C4,52.19882978583313,30.048715832735127
[Na+].COC(=O)C1=C(C=C(I)C=C1)S(=O)(=O)[N-]C(=O)NC2=NC(OC)=NC(C)=N2,96.89829163178729,66.44920740390197
CCC(CC1=C(I)C=C(I)C(N)=C1I)C(O)=O,102.49822421204101,102.60922370135447
CCOP(=S)(OCC)OC1=NN(C(C)C)C(Cl)=N1,75.59854806760781,56.00918936597222
CC1(C)[C@@H]2CC[C@@]1(C)[C@H](O)C2,-7.800447859742853,-0.3406531263378625
CC(=O)O[C@H]1C[C@@H]2CC[C@@]1(C)C2(C)C,12.599306539752938,7.998731073700164
O([C@H]1[C@]2(C(C(C1)CC2)(C)C)C)C(=O)CC,10.599330618233779,8.694309569372663
COC1=CC(C=CC)=CC=C1O,88.7983891496346,82.47788419478638
NNC(=O)C1=CC=NC=C1,76.79853362051934,18.165640955017388
CC(C)CCCCCCCCCCCCCCC(=O)O,103.8982073571045,56.403873803152166
CC(C)CCCCCOC(=O)C=C,19.89921865329815,26.87270128089301
CC(C)OC(C)=O,11.199323394689614,3.6598428325882892
CC(C)OC=O,12.99930172405682,9.516851320059772
CCCCCCCCCCCCCC(=O)OC(C)C,7.799364328106826,41.646180625973486
CC(C)C1=CC=C(C)C(O)=C1,80.49848907532981,71.51113820648258
CCC(C)(CC)C1=NOC(NC(=O)C2=C(OC)C=CC=C2OC)=C1,79.59849991064628,44.773125164936886
CO/N=C(/C(=O)OC)\C1=C(COC2=C(C)C=CC=C2)C=CC=C1,93.99832654558443,87.15012765937868
O[C@H]([C@@H](O)C(O)=O)C(O)=O,18.999229488614453,15.97320283426994
CCOC(=O)C(C)OC(=O)C1=C(C=CC(OC2=C(Cl)C=C(C=C2)C(F)(F)F)=C1)[N+]([O-])=O,51.79883460152939,74.18730028090955
[C@H]1(O[C@@H]2O[C@H](CO)[C@H](O)[C@H](O)[C@H]2O)[C@H](O)[C@@H](O)[C@H](O)O[C@@H]1CO,7.19937155165114,7.498066446167648
CC1(C)[C@H](/C=C(\Cl)/C(F)(F)F)[C@@H]1C(=O)O[C@@H](C#N)C2=CC(OC3=CC=CC=C3)=CC=C2,57.39876718178313,48.52696103541051
CC(C)=CCC[C@](C)(O)[C@H]1CCC(C)=CC1,40.99896462532567,31.168833922287448
C12CC[C@@](O)(C#C)[C@@]1(CC)CCC3C4CCC(=O)C=C4CCC23,17.999241527854878,18.091912412202298
CC(C)=CCCC(C)(O)C=C,12.99930172405682,44.9374357154813
CC(C)=CCCC(C)(OC(C)=O)C=C,15.399272829879877,25.262052080496005
CCCCC/C=C\C/C=C\CCCCCCCC(O)=O,74.49856131077233,83.6051874369042
CON(C)C(=O)NC1=CC=C(Cl)C(Cl)=C1,60.19873347190992,42.72008634787289
CC1=CC(O)=CC=C1,30.599089833425822,53.783407730974034
CC1=CC(C)=CC=C1,34.199046492160406,21.117975108772683
[Mg+2].[O-]C(=O)C1=CC=CC=C1.[O-]C(=O)C1=CC=CC=C1,24.999157253172086,22.00393584772938
CCOC(=O)CC(SP(=S)(OC)OC)C(=O)OCC,74.99855529115212,56.31308038799544
OC(=O)/C=C\C(O)=O,11.49931978291746,12.689468233247077
O=C1NNC(=O)C=C1,11.899314967221194,19.16070196635914
OC(CC(O)=O)C(O)=O,-18.70031663202248,1.3723399486611214
C(CNC(=S)[S-])NC(=S)[S-].C(CNC(=S)[S-])NC(=S)[S-].[Mn+2].[ZnH2+2],64.09868651887234,52.58688057122545
[Mn+2].[S-]C(=S)NCCNC([S-])=S,37.399007966591086,44.75605165270042
CCCCC(CC)COC(=O)C1=CC=CC=C1C(O)=O,98.9982663493825,51.61053357215742
CC(C)OC1=CC=CC(NC(=O)C2=C(C)C=CC=C2)=C1,59.79873828760617,68.47032936935447
CC[C@@H]([C@@H](CC)C1=CC=C(O)C=C1)C2=CC=C(O)C=C2,101.99823023166121,104.141738012556
CS(=O)(=O)C1=CC(=C(C=C1)C(=O)C2C(=O)CCCC2=O)[N+]([O-])=O,75.79854565975975,58.01148500051788
COCC(=O)N(C(C)C(=O)OC)C1=C(C)C=CC=C1C,19.89921865329815,49.48295838210848
CC1(C)CCC(CC2=CC=C(Cl)C=C2)C1(O)CN3C=NC=N3,31.6990765902613,14.463208409029157
CC(=C)C(N)=O,9.199347473170299,16.83609937388937
CC(=C)C#N,3.499416096840676,35.82129148764949
Cl.CCC(=O)C(CC(C)N(C)C)(C1=CC=CC=C1)C2=CC=CC=C2,-4.600486385312173,13.80024335649157
COP(N)(=O)SC,17.399248751399035,13.923480656846479
N12C(N3C(N(C(N(C1([H])[H])C3([H])[H])([H])[H])C2([H])[H])([H])[H])([H])[H],21.699196982665356,-0.2689851984476235
COC1=NN(CSP(=S)(OC)OC)C(=O)S1,73.8985685343165,75.98394049802644
CN1C=CNC1=S,60.29873226798597,15.040860979713813
CNC(=O)ON=C(C)SC,19.39922467291835,6.697061793400728
COC1=CC=C(C=C1)C(C2=CC=C(OC)C=C2)C(Cl)(Cl)Cl,23.79917170026056,51.97204297303641
COC1=CC=CC(C(=O)NN(C(=O)C2=CC(C)=CC(C)=C2)C(C)(C)C)=C1C,85.99842285950766,62.65024779252832
COC(=O)C1=C(O)C(C)=C(O)C=C1C,96.89829163178729,86.12696107004689
CCCCCCCCCC(=O)OC,20.19921504152599,38.75429698161048
CCCCCC1C(CC(=O)OC)CCC1=O,20.899206614057718,34.548712733354435
CCCCCCCCCCCC(=O)OC,32.09907177456519,42.697748979690886
CCCCCCCC(=O)OC,15.699269218107723,30.65713182906721
COP(=S)(OC)OC1=CC=C(C=C1)[N+]([O-])=O,92.59834340052095,83.89222202404923
CN(C)C1=CC=C(C=C1)/N=N/C2=C(C=CC=C2)C(O)=O,109.09814475305447,87.16649162024956
COC(=O)C1=C(O)C=CC=C1,33.19905853140081,43.47592703022936
CC(=O)C=CC1=CC=CC=C1,27.29912956291909,38.00751293404613
[Cl-].CN(C)C1=CC2=[S+]C3=C(C=CC(=C3)N(C)C)N=C2C=C1,49.2988646996303,58.23008622041216
COC1=CC=C(CC=C)C=C1OC,59.49874189937819,69.07842892953705
CCC(=O)C=CC1C(=CCCC1(C)C)C,49.798858680010085,37.75370954251861
COC(=O)C1=CC=C(O)C=C1,51.49883821330138,57.95445953444714
CSC1=NN=C(C(=O)N1N)C(C)(C)C,10.699329414309823,23.931004997687936
ClC12C3(Cl)C4(Cl)C5(Cl)C(Cl)(C1(Cl)C4(Cl)Cl)C2(Cl)C(Cl)(Cl)C35Cl,17.59924634355098,53.98528103442624
[Na+].[Na+].CCCCC1=NC2=C(C=C1)[C@@H]([C@H]([C@@H]2C3=CC=C(OC)C=C3C[C@H](C)C([O-])=O)C([O-])=O)C4=CC5=C(OCO5)C=C4,69.29862391482234,58.200312062726724
CCN1N=C(CC2=CC=CC=C2)C=C1C3CCN(C[C@H]4C[C@@H](C[C@@H]4C5=CC=CC(F)=C5)N(C)[C@H](C(C)C)C(O)=O)CC3,9.599342657474196,17.34203433728834
OC(=O)CCC([O-])=O.CO[C@@H]1COCC[C@@H]1[NH2+][C@@H]2CC[C@](C2)(C(C)C)C(=O)N3CCC4=C(C3)C=C(C=N4)C(F)(F)F,20.899206614057718,21.737546289359855
CCSC(=O)N1CCCCCC1,11.7993161711453,14.37654162365643
ClC(Cl)C(=O)N1CCOC12CCCCC2,10.499331822157878,12.339500651918513
CNC(=O)/C=C(\C)/OP(=O)(OC)OC,7.999361920258778,21.085365985585256
COC(=O)C1=C(C=CC=C1)C(O)=O,15.999265606335562,41.83419594306038
[K+].OC(=O)C1=C(C=CC=C1)C([O-])=O,84.29844332621633,59.02315080979973
CCCCCCCCCCCCCOP(O)(O)=O,104.89819531786407,83.1424778675057
CN(C)C(=O)NC1=CC=C(Cl)C=C1,12.899302927980933,15.973150994900742
C1COCCN1,-2.4005128716410624,8.448774557229207
CCC(=O)NC1=CC=C(Cl)C(Cl)=C1,57.99875995823881,53.416946590351515
FC(C(F)(F)F)C(F)(F)OC1=CC(Cl)=C(NC(=O)NC(=O)C2=C(F)C=CC=C2F)C=C1Cl,86.39841804381155,51.10684174146223
CCCCNS(=O)(=O)C1=CC=CC=C1,17.799243935702926,15.890650798825824
CCCCCCCCCCCC(=O)N(C)CC(O)=O,85.89842406343175,48.61589471319792
CCNS(=O)(=O)C(F)(F)C(F)(F)C(F)(F)C(F)(F)C(F)(F)C(F)(F)C(F)(F)C(F)(F)F,94.69831811811616,79.0590734774723
CN1CCCC1=O,7.899363124182877,-0.6111423148199009
CNC(C)=O,20.499211429753828,16.782078431257183
CN(N=O)C(N)=O,0.7994486027897736,0.06449746348197039
CCCN(CCC)N=O,8.89935108494246,-5.551136121222612
CCN(CC)N=O,7.2993703477270415,-0.6780237409558438
CN(C)N=O,-12.800387663540903,1.5702065008706185
O=NN(C1=CC=CC=C1)C2=CC=CC=C2,86.69841443203939,83.80943887141757
NC1=CC=C(NC2=CC=CC=C2)C=C1,90.09837349862201,84.7377480550463
CCN(CC)CCO,12.699305335828981,2.1776127094904965
CCCCCCCCCC[N+](C)(C)[O-],9.299346269246357,38.77800971305598
CCCCCCCC(=O)N(C)C,12.99930172405682,21.73072509236539
ClC(Cl)(Cl)C(NC=O)N1CCN(CC1)C(NC=O)C(Cl)(Cl)Cl,-4.800483977464118,6.0901696585253475
CCCCNC(=S)NCCCC,19.99921744937403,18.966269772357734
CCNC(=S)NCC,5.399393222283933,11.55453812393884
C=CC(=O)NCNC(=O)C=C,50.29885266038987,21.05133991964024
C1=CC2=CC=CC=C2C=C1,34.799039268616085,39.40319243785774
COC1=CC(OC)=C(C=C1)S(=O)(=O)N2C(=O)[C@@](N3C[C@H](O)C[C@H]3C(=O)N(C)C)(C4=CC(Cl)=CC=C24)C5=CC=CC=C5OC,21.79919577874125,41.142949747169155
OC(=O)C(CCC(C)C)(CC)C,37.99900074304692,19.754418261568233
CC(C)=CCCC(C)=CCCC(C)(O)C=C,75.39855047545585,59.59386986485683
COC1=CC(OC)=NC(NC(=O)NS(=O)(=O)C2=NC=CC=C2C(=O)N(C)C)=N1,17.69924513962704,22.105674929690963
OC(=O)C1=CC=CN=C1,9.899339045702035,3.5774700749627044
ClC1=CC=CC(=N1)C(Cl)(Cl)Cl,75.99854325191171,65.96893076827288
OC(=O)CN(CC(O)=O)CC(O)=O,2.499428136081093,4.418358642391809
[O-][N+](=O)C1=CC=CC=C1,56.09878283279555,30.068997985926572
[O-][N+](=O)C1=CC=C(OC2=C(Cl)C=C(Cl)C=C2)C=C1,68.39863475013865,108.11392967591047
CCCCCCCCC,3.199419708612666,22.24653761556675
OC(=O)CCCCCCCC(O)=O,20.799207817981667,45.89076063469962
CCCCCCCCC(O)=O,93.99832654558443,53.468434963801926
CC(CC1=CC(O)=C(O)C=C1)C(C)CC2=CC=C(O)C(O)=C2,108.5981507726747,112.02455344846993
C12CC[C@@](O)(C#C)[C@@]1(C)CCC3C4CCC(=O)C=C4CCC23,15.799268014183774,18.196280182176018
CNC1=C(Cl)C(=O)N(N=C1)C2=CC=CC(=C2)C(F)(F)F,47.99888035064288,32.99339233967453
CC1=CC=CC=C1N=NC2=CC(C)=C(N)C=C2,110.99812187849776,96.12732833798125
CC1=C(O)C=CC=C1,47.39888757418703,47.76195882453848
ClC1=CC=C(C=C1)C(C2=CC=CC=C2Cl)C(Cl)(Cl)Cl,22.49918735127298,24.595538191143362
CCCCCCCCOC1=CC(O)=C(C=C1)C(=O)C2=CC=CC=C2,92.698342196597,90.24682581640297
C[Si]1(C)O[Si](C)(C)O[Si](C)(C)O[Si](C)(C)O1,-1.300526114805436,-9.671851897222624
CCCCCCCC=O,-4.900482773540013,32.28647938192839
CCCCCCCC(O)=O,80.49848907532981,49.49712780968409
CCCCCCCCN1SC=CC1=O,40.298973052793926,51.55931303544786
CC(C)(C)CC(C)(C)C1=CC(N2N=C3C=CC=CC3=N2)=C(O)C=C1,49.19886590355439,58.47064573310132
CCCCCCCCOC(C)=O,14.99927764557598,31.408878281245308
CCCCCCCCCCOC(=O)C1=C(C=CC=C1)C(=O)OCCCCCCCC,27.99912113545082,40.23154184318544
CCCCCCCCOC(=O)C1=CC=C(O)C=C1,96.69829403963533,83.43395336061047
CCCCCCCC/C=C\CCCCCCCC(O)=O,98.19827598077487,69.96255369083538
OC(=O)C(O)=O,18.499235508234662,14.78657591404771
CNC(=O)ON=C(SC)C(=O)N(C)C,23.899170496336453,20.13206158611733
OC1N=C(C2=CC=CC=C2)C3=CC(Cl)=CC=C3NC1=O,23.49917531203272,58.1435609133179
CCOC1=CC(OC2=CC=C(C=C2Cl)C(F)(F)F)=CC=C1[N+]([O-])=O,59.79873828760617,83.64993345240066
ClC(Cl)C(C1=CC=C(Cl)C=C1)C2=CC=C(Cl)C=C2,19.89921865329815,26.00541567468305
ClC(=C(C1=CC=C(Cl)C=C1)C2=CC=C(Cl)C=C2)Cl,23.79917170026056,41.630417542790624
CC(C)(C)[C@@H](O)[C@@H](CC1=CC=C(Cl)C=C1)N2C=NC=N2,30.399092241273877,31.594937877130775
CCOP(=O)(OCC)OC1=CC=C(C=C1)[N+]([O-])=O,98.79826875723055,63.485723465825714
CCOP(=S)(OCC)OC1=CC=C(C=C1)[N+]([O-])=O,84.0984457340644,85.6506523061338
CCC(CC)NC1=C(C=C(C)C(C)=C1[N+]([O-])=O)[N+]([O-])=O,104.99819411394012,98.63176170213356
COC1=CN=C(OC)N2N=C(NS(=O)(=O)C3=C(C=CC=C3OCC(F)F)C(F)(F)F)N=C12,26.499139194311454,20.395450940995616
[O-][N+](=O)C1=C(Cl)C(Cl)=C(Cl)C(Cl)=C1Cl,69.69861909912623,77.62446213491299
CCCCCCCCCCCCCCC,4.699401649752197,29.954740776295083
[O-][N+](=O)OCC(CO[N+]([O-])=O)(CO[N+]([O-])=O)CO[N+]([O-])=O,-0.8005321344256444,-0.7646170872221845
CCCCC=O,1.1994437870935144,19.939601448118438
O=C(OCCCCCOC(=O)C1=CC=CC=C1)C2=CC=CC=C2,16.299261994563558,47.484963795224516
CCCCC(O)=O,26.29914160215951,24.093743897357527
CCCCCOC(C)=O,38.298997131274774,15.37549490763407
CC1CCC2(CC1)C(CO2)C.CC1CCC(C(C1)O)C(C)C.CC1CCC(C(C1)OC(=O)C)C(C)C.CC1CCC(C(=O)C1)C(C)C.CC1CCC2=C(C1)OC=C2C.CC1CCC(=C(C)C)C(=O)C1,37.799003150894976,19.00360707800901
OC(=O)C(F)(F)C(F)(F)C(F)(F)C(F)(F)C(F)(F)C(F)(F)C(F)(F)C(F)(F)C(F)(F)F,102.8982193963449,85.4314452136123
OC(=O)C(F)(F)C(F)(F)C(F)(F)C(F)(F)C(F)(F)C(F)(F)F,102.19822782381317,86.11235532778065
OC(=O)C(F)(F)C(F)(F)C(F)(F)C(F)(F)C(F)(F)F,96.39829765140749,85.68801553146974
OC(=O)C(F)(F)C(F)(F)C(F)(F)C(F)(F)C(F)(F)C(F)(F)C(F)(F)C(F)(F)F,104.69819772571228,85.75773948301571
NS(=O)(=O)C(F)(F)C(F)(F)C(F)(F)C(F)(F)C(F)(F)C(F)(F)C(F)(F)C(F)(F)F,103.09821698849686,86.51433507618574
OS(=O)(=O)C(F)(F)C(F)(F)C(F)(F)C(F)(F)C(F)(F)C(F)(F)C(F)(F)C(F)(F)F,104.89819531786407,90.19511172569946
OC(=O)C(F)(F)C(F)(F)C(F)(F)C(F)(F)C(F)(F)C(F)(F)C(F)(F)F,103.49821217280075,86.02236218288573
OC(=O)C(F)(F)C(F)(F)C(F)(F)C(F)(F)C(F)(F)C(F)(F)C(F)(F)C(F)(F)C(F)(F)C(F)(F)F,101.39823745520553,85.09339636724741
CC1(C)C(C=C(Cl)Cl)C1C(=O)OCC2=CC(OC3=CC=CC=C3)=CC=C2,30.399092241273877,54.532053540883055
[Na+].COC1=CC=C(/C=C/S(=O)(=O)[N-]C(=O)C2=CC=C(C)C=C2Cl)C=C1,88.7983891496346,98.3936764393359
COC(=O)NC1=CC(OC(=O)NC2=CC=CC(C)=C2)=CC=C1,40.698968237097816,48.39098205010602
[Na+].O=C1NC([O-])=NC(=O)C1(CC)C2=CC=CC=C2,7.099372755575246,26.055119909844123
OC1=CC=CC=C1,11.099324598613563,17.186477350224017
OC1=CC=C(C=C1)C2(OS(=O)(=O)C3=C2C=CC=C3)C4=CC=C(O)C=C4,103.09821698849686,95.46781492344144
OC1=CC=C(C=C1)C2(OC(=O)C3=C2C=CC=C3)C4=CC=C(O)C=C4,100.198251902294,112.251061252151
OC(=O)C1=C(C=CC=C1)C(C2=CC=C(O)C=C2)C3=CC=C(O)C=C3,97.29828681609118,98.0053866043416
S(O)(=O)(=O)C=1C(O)=CC=CC1,19.099228284690355,22.63647875046675
ClP(Cl)C1=CC=CC=C1,11.199323394689614,25.26567003646997
OC1=C(C=CC=C1)C(=O)OC2=CC=CC=C2,95.99830246710374,80.6162935680353
O=CCC1=CC=CC=C1,55.79878644456771,24.367097210986614
CC(=O)O[Hg]C1=CC=CC=C1,4.199407669372405,-2.158400606605582
OC1=CC=C(C=C1)C(=O)OC2=CC=CC=C2,105.29819050216796,88.76529552478914
CCOP(=S)(OCC)SCSCC,79.69849870672218,65.77871916291222
CCOP(=S)(OCC)SCN1C(=O)OC2=CC(Cl)=CC=C12,40.19897425671803,70.50307199339807
COP(=S)(OC)SCN1C(=O)C2=C(C=CC=C2)C1=O,55.698787648491816,68.95664313151924
OP(O)(O)=O,14.599282461272246,13.114209784669228
CCOP(=S)(OCC)ON=C(C#N)C1=CC=CC=C1,99.19826394153444,79.13908754380049
O=C1NC(=O)C2=C1C=CC=C2,15.899266810259668,14.402923542621203
NC1=C(Cl)C(Cl)=NC(C(O)=O)=C1Cl,55.09879487203598,88.88574429907683
Cl.S1C(CC2=CC=C(OCCC3=NC=C(CC)C=C3)C=C2)C(=O)NC1=O,88.69839035355852,53.682323121048285
CS(=O)(=O)C1=CC=C(C=C1Cl)[C@@H](C[C@H]2CCC(=O)C2)C(=O)NC3=NC=CN=C3,8.89935108494246,20.856518930370058
CN(C)C(=O)OC1=C(C)C(C)=NC(=N1)N(C)C,23.299177719880774,9.743058887394234
O1C(C1)C.O1CC1,13.699293296588564,2.3472268054973426
CCCCCCCC/C=C\CCCCCCCC(=O)OCCO,53.79881052304856,56.40093947885927
[Si](=O)(C)C,77.79852158127892,56.481746255540926
O(C(CO)C)CC(O)C,8.89935108494246,7.984937481551128
[K+].[O-]Cl(=O)=O,4.799400445828084,3.6148117005613116
[K+].[O-]S(=O)(=O)C(F)(F)C(F)(F)C(F)(F)C(F)(F)F,99.39826153368637,91.61596835563657
[K+].[O-]S(=O)(=O)C(F)(F)C(F)(F)C(F)(F)C(F)(F)C(F)(F)C(F)(F)F,102.3982254159651,93.60210306684067
[K+].[O-]S(=O)(=O)C(F)(F)C(F)(F)C(F)(F)C(F)(F)C(F)(F)C(F)(F)C(F)(F)C(F)(F)F,104.29820254140839,92.76479789580597
[Na+].CC[C@H](C)C(=O)O[C@H]1C[C@H](O)C=C2C=C[C@H](C)[C@H](CC[C@@H](O)C[C@@H](O)CC([O-])=O)[C@@H]12,1.09944499101762,30.641896454462852
C12C[C@@H](C#N)[C@H](C(C)=O)[C@@]1(C)CCC3C2CC=C4C[C@@H](O)CC[C@]34C,-24.90024198873206,6.109829739286539
CC12CC1(C)C(=O)N(C2=O)C3=CC(Cl)=CC(Cl)=C3,54.29880450342834,54.007822520124336
CCCSP(=O)(OCC)OC1=C(Cl)C=C(Br)C=C1,97.09828922393922,97.1069671369921
C12CC[C@H](C(C)=O)[C@@]1(C)CCC3C2CCC4=CC(=O)CC[C@]34C,16.499259586715503,9.209720337462919
Cl.CCCOC(=O)NCCCN(C)C,19.69922106114619,5.792166724851469
CC(C)(C)C1=CC=C(OC2CCCCC2OS(=O)OCC#C)C=C1,50.098855068238066,53.79069008235683
CCNP(=S)(OC)O/C(/C)=C/C(=O)OC(C)C,74.59856010684824,58.56892993710443
CC(C)C1=CC=CC(C(C)C)=C1O,65.8986648482397,64.12542560144408
CNC(=O)OC1=CC=CC=C1OC(C)C,15.199275237727925,37.33051669225071
CC1COC(=O)O1,11.399320986841403,5.253382881182503
CCCOC(=O)C1=CC=C(O)C=C1,96.79829283571138,68.27969224917177
CC(C)(NC(=O)C1=CC(Cl)=CC(Cl)=C1)C#C,64.79867809140407,77.69826411683447
CC1=NNC(=O)N(C1)/N=C/C2=CC=CN=C2,3.099420912536779,15.47770054391814
OC(=O)C1=NN(C(=O)C1)C2=CC=C(C=C2)S(O)(=O)=O,36.8990139862113,37.23421642410551
CCC1=NC(N)=NC(N)=C1C2=CC=C(Cl)C=C2,43.59893332330067,53.08735512107084
CC(COC1=CC=C(OC2=CC=CC=C2)C=C1)OC3=NC=CC=C3,44.69892008013613,63.78259241329877
[Na+].COC1=CC(OC)=NC(SC2=C(C([O-])=O)C(Cl)=CC=C2)=N1,66.29866003254361,72.38815881422951
OC(=O)C1=C(Cl)C=CC2=CC(Cl)=CN=C12,18.699233100386614,49.22354391886074
C1=CC2=C(C=C1)N=CC=C2,34.2990452882363,36.08583507848212
CC(=C)[C@@H]1CC=C(C)C(=O)C1,23.999169292412503,23.351935484245686
Cl.O1C=2C(=C(C3=C1C=C(NCC)C(=C3)C)C=4C(=CC=CC4)C(OCC)=O)C=C(\C(=N\CC)\C2)C,91.79835303191334,77.699832257752007
O=C(CCCCCCCCC1=CN=CC=C1)N2CCC(CC2)C=C(C3=CC=CC=C3)C4=CC=CC=C4,-38.30008066291068,32.735113482607886
CN1C(COC(N)=O)=NC=C1[N+]([O-])=O,9.699341453550097,22.839721477254855
CC(C)NC1=NC(Cl)=NC(N)=N1,15.799268014183774,25.53161464025402
OC(=O)C1=C(O)C=CC=C1,55.89878524064375,43.79433955554384
Cl.CCOC(=O)C1=CC=C(C=C1)[C@H]2CC[C@@H](CC2)NC[C@H](O)COC3=CC=C(O)C(NS(C)(=O)=O)=C3,61.398719024821446,44.3602807487415
Cl.CC1=NC(=NO1)C2=CC3=C(CCN(CCC4CCC(CC4)NC(=O)/C=C/C5=CC=C(F)C=C5)CC3)C=C2,-24.000252824048378,14.525193174751472
S(C(CC1CC(O)=C(C(=O)C1)\C(=N\OCC)\CCC)C)CC,55.49879005633987,46.108269987880476
S=C1N([O-])C=CC=C1.[Na+],3.499416096840676,24.808155203857936
[Na+].CC(C)COC(=O)CC(C(=O)OCC(C)C)S([O-])(=O)=O,66.29866003254361,39.7003729615393
[Na+].[S-]C1=NC2=CC=CC=C2S1,96.29829885533158,83.99661787368123
[Na+].CC1=CC=CC=C1S([O-])(=O)=O,10.799328210385724,32.761875016953255
[Na+].CC1=CC=C(C)C(=C1)S([O-])(=O)=O,34.69904047254019,44.43938870609574
CC1=CC=C(S(=O)(=O)[O-])C=C1.[Na+],16.599258382791405,26.134161988000173
[Na+].CCCCCCCCC1=CC=C(C=C1)S([O-])(=O)=O,101.29823865912965,92.37367849524401
[Na+].[N-]=[N+]=[N-],6.299382386967459,-0.6492399312191708
[Na+].[O-]Cl=O,5.999385998739619,6.151739709294226
[Na+].[O-]C(=O)CCl,9.299346269246357,8.575910610141094
[Na+].CCCCCCCCCCOS([O-])(=O)=O,98.8982675533066,103.19255484293794
[Na+].O1C(=CC(=O)/C(=C(/[O-])\C)/C1=O)C,41.698956197857385,36.85168183907693
ClN1C(=O)N(Cl)C(=O)N=C1[O-].[Na+],13.799292092664459,11.005207128615723
ClN1C(=O)N(Cl)C(=O)N=C1[O-].[Na+].O.O,15.899266810259668,15.957052710796951
[Na+].CN(C)C([S-])=S,50.29885266038987,35.80256127557287
[Na+].CCCCCCCCCCCCOS([O-])(=O)=O,102.29822661988922,104.41835288649622
S([O-])(=O)(=O)C=1C(CCCCCCCCCCCC)=CC=CC1.[Na+],102.49822421204101,90.81101527091724
[Na+].CCCCC(CC)COS([O-])(=O)=O,81.2984794439376,77.4375552893375
[Na+].[O-]C(=O)CF,8.099360716334822,11.202721605109417
[Na+].CCCCCCCCCCCCCCCCOS([O-])(=O)=O,77.99851917343085,100.54759790878313
[Na+].[I-],9.499343861398302,13.08911521003914
[Na+].CC1=CC=C(C(C)=C1)S([O-])(=O)=O,27.799123543298876,46.18936296107958
[Na+].CC(=C)C([O-])=O,2.3994293400050424,13.028525787337237
[Na+].COS([O-])(=O)=O,11.299322190765515,19.17903150331132
[Na+].CCCCCCCCCCCCCCOS([O-])(=O)=O,98.79826875723055,103.04273042611521
[Na+].F[B-](F)(F)F,8.499355900638562,4.350449068767034
[Na+].[O-]C(=O)C(Cl)(Cl)Cl,0.2994546224098258,15.833405015435943
[Na+].CCCCCCCCCCCCCOS([O-])(=O)=O,104.49820013356032,103.93817776963178
S([O-])(=O)(=O)C1=CC(=C(C=C1)C)C.[Na+],19.39922467291835,43.18484465234086
CCC(C)(C)C(=O)OC1=C(C(=O)OC12CCCCC2)C3=CC=C(Cl)C=C3Cl,42.59894536254107,47.45340441926295
C12CC[C@@]3(CCC(=O)O3)[C@@]1(C)CCC4C2[C@@H](CC5=CC(=O)CC[C@]45C)SC(C)=O,-5.900470734299596,11.172259495795558
CCCN(CC)CC1COC2(CCC(CC2)C(C)(C)C)O1,16.39926079063946,12.480609574797953
C1CN2CCC1C(C2)C(C3=CC=CC=C3)NC(=O)C4=C(C=CC(=C4Cl)C(F)(F)F)Cl.Cl,-45,-5.796833131394756
ClC1=C(C(=O)N[C@H]([C@H]2NCCCC2)C3=CC=CC=C3)C=CC=C1C(F)(F)F,4.399405261524201,9.904037408485266
COC1=CC2=C(C(=O)N(COC3=CC(=O)N4C=CC=C(OCCN5CCCCC5)C4=N3)S2(=O)=O)C(=C1)C(C)C,21.999193370893195,31.64197940469367
OCC(O)C1=CC=CC=C1,8.499355900638562,18.08383843045268
OC[C@H]1O[C@@](CO)(O[C@H]2O[C@H](CO)[C@@H](O)[C@H](O)[C@H]2O)[C@@H](O)[C@@H]1O,8.099360716334822,3.4454956809273227
NS(O)(=O)=O,47.498886370263065,16.129459652818213
OC(=O)CC(C(O)=O)S(O)(=O)=O,5.799388406587667,19.588240683743223
COC1=C(C=C(C(=O)C2=CC=CC=C2)C(O)=C1)S(O)(=O)=O,81.19848064786153,85.2621896732422
ClN1C(=O)N(Cl)C(=O)N(Cl)C1=O,27.099131970767132,0.4892519747464732
C1=C(C=C(C(=C1O)O)O)C(=O)OC2=CC(=CC(=C2O)O)C(=O)OCC3C(C(C(C(O3)OC(=O)C4=CC(=C(C(=C4)OC(=O)C5=CC(=C(C(=C5)O)O)O)O)O)OC(=O)C6=CC(=C(C(=C6)OC(=O)C7=CC(=C(C(=C7)O)O)O)O)O)OC(=O)C8=CC(=C(C(=C8)OC(=O)C9=CC(=C(C(=C9)O)O)O)O)O)OC(=O)C%10=CC(=C(C(=C%10)OC(=O)C%11=CC(=C(C(=C%11)O)O)O)O)O,93.99832654558443,106.46052595578297
CC(C)(C)C(O)(CCC1=CC=C(Cl)C=C1)CN2C=NC=N2,25.49915123355187,21.942393876618766
CCC1=NN(C)C(C(=O)NCC2=CC=C(C=C2)C(C)(C)C)=C1Cl,24.499163272792288,32.41069191041598
COP(=S)(OC)OC1=CC=C(SC2=CC=C(OP(=S)(OC)OC)C=C2)C=C1,101.59823504735746,106.02314855812338
CCC(=NOC/C=C/Cl)C1=C(O)CC(CC1=O)C2CCOCC2,12.399308947601142,18.999667285951418
CC1=C(Cl)C(=O)N(C(=O)N1)C(C)(C)C,14.599282461272246,14.254952383246675
CCOP(=S)(OCC)SCSC(C)(C)C,75.29855167937997,60.82984786453754
CCNC1=NC(NC(C)(C)C)=NC(Cl)=N1,60.99872384051771,44.1029711798798
CC1=CCC(CC1)C(C)(C)O,3.5994148929165632,15.312250877235513
CC(C)=C1CCC(C)=CC1,18.999229488614453,15.589820459557856
CCC(=O)OC(C)(C)C1CCC(C)=CC1,11.599318578993355,17.867050508492795
CC(=O)OC(C)(C)C,-0.700533338349743,6.078505800460036
CC(C)(C)OOC(=O)C1=CC=CC=C1,21.399200594437502,9.463683567045386
CC(C)(C)N,9.899339045702035,5.3265411909365525
CC(C)(C)C1=CC=CC=C1,-1.2005273187295415,26.935871872185203
CCCCCCC(C)(C)S,11.199323394689614,31.854853454280658
CCC(=O)O[C@H]1CC[C@H]2[C@@H]3CCC4=CC(=O)CC[C@]4(C)[C@H]3CC[C@]12C,31.29908140595755,21.7048658870398
OC(=O)CC1=CC(I)=C(OC2=CC(I)=C(O)C(I)=C2)C(I)=C1,104.99819411394012,126.00513884208593
FC(F)C(F)(F)OCC(CN1C=NC=N1)C2=C(Cl)C=C(Cl)C=C2,72.29858779710106,37.71329508431245
CCN(CC)C(=S)SSC(=S)N(CC)CC,55.19879366811203,65.96914244569702
OCC1CCCO1,7.799364328106826,9.246772526583669
C1CCC2=C(C1)C=CC=C2,8.89935108494246,-8.342737990890377
CC(C)=CC1C(C(=O)OCN2C(=O)C3=C(CCCC3)C2=O)C1(C)C,28.099119931526715,20.77680078044098
CCCO[Si](OCCC)(OCCC)OCCC,10.299334230005933,1.6073494088875933
O=C1N(C2CCC(=O)NC2=O)C(=O)C3=CC=CC=C13,-9.000433412654374,8.754326599039786
CN1C2=C(NC=N2)C(=O)N(C)C1=O,9.399345065322244,-3.737648109122354
N1C2=C(C=CC=C2)N=C1C3=CSC=N3,21.79919577874125,55.015690015627044
CN1COCN(CC2=CN=C(Cl)S2)C1=N[N+]([O-])=O,0.9994461949415623,18.61737785793955
COC(=O)C1=C(CC(C)C)C(C2=NCCS2)=C(N=C1C(F)F)C(F)(F)F,26.199142806083614,60.749866197815265
O=C(NC1=CN=NS1)NC2=CC=CC=C2,46.29890081735155,44.578614131894966
CCN(CC)C(=O)SCC1=CC=C(Cl)C=C1,40.598969441021765,23.697211602663657
NNC(=S)NN,34.09904769608434,31.25645433605567
CSC(C)=NOC(=O)N(C)SN(C)C(=O)ON=C(C)SC,67.09865040115123,52.426680720658894
CCOC(=O)NC(=S)NC1=C(NC(=S)NC(=O)OCC)C=CC=C1,36.8990139862113,51.102016360181054
COC(=O)NC(=S)NC1=C(NC(=S)NC(=O)OC)C=CC=C1,48.2988767388707,43.583514241026336
CC1=C(OCCCC(O)=O)C=CC(Cl)=C1,99.29826273761032,67.65334955098558
CC(C)C1=CC=C(C)C=C1O,59.298744307226386,71.8382122263974
OC(=O)CC1=CC(I)=C(OC2=CC(I)=C(O)C=C2)C(I)=C1,104.99819411394012,119.03685627744153
CC1=CC=C(C=C1)S(=O)(=O)NC(=O)NN2CCCCCC2,12.799304131904883,11.048413082852761
N=1NN=C2C1C(=CC=C2)C,44.19892609975635,28.32810345045378
CC1CC(C)(C)C2=C(C=C(C)C(=C2)C(C)=O)C1(C)C,29.099107892286455,25.87131694649824
S(=O)(=O)(C1=C(C(=C(C=C1)C(=O)C=2C(=O)N(NC2)C)C)C3=NOCC3)C,7.4993679398789865,36.026255983485726
NC(=O)CN1C(=O)C=C(CCN2CCN(CC2)C3=NC=CC4=C3C=CS4)C5=C1C=C(F)C=C5,-4.200491201008276,18.3884854432764
CCCCCCCCOC(=O)C1=CC=C(C(=O)OCCCCCCCC)C(=C1)C(=O)OCCCCCCCC,3.299418504688724,35.82048365747981
CC(=O)OCC(COC(C)=O)OC(C)=O,4.199407669372405,0.7311733508634646
CC(C)(C)C(=O)C(OC1=CC=C(Cl)C=C1)N2C=NC=N2,4.699401649752197,23.213833244778712
CC(C)(C)C(O)C(OC1=CC=C(Cl)C=C1)N2C=NC=N2,10.399333026081827,20.704694377886526
C12C[C@@H](O)[C@](O)(C(=O)CO)[C@@]1(C)C[C@H](O)[C@@]3(F)C2CCC4=CC(=O)C=C[C@]34C,1.9994341557013016,9.075080535862291
CCCCSP(=O)(SCCCC)SCCCC,51.19884182507356,53.349760607921624
CCCCOP(=O)(OCCCC)OCCCC,1.4994401753213609,13.76163598629531
CCCCN(CCCC)CCCC,38.498994723426705,18.317474147395757
COP(=O)(OC)C(O)C(Cl)(Cl)Cl,20.799207817981667,7.920907220719897
OC(=O)C(Cl)(Cl)Cl,-0.9005309305015388,-0.5510216064143805
OC(=O)COC1=C(Cl)C=C(Cl)C(Cl)=N1,93.89832774950852,70.65423127397715
OC1=C(OC2=CC=C(Cl)C=C2Cl)C=CC(Cl)=C1,105.99818207469968,116.46064698671401
OCCN(CCO)CCO,5.899387202663718,5.127579532053247
CCOC(=O)CC(O)(CC(=O)OCC)C(=O)OCC,14.69928125734814,11.090739927787624
CCOP(=O)(OCC)OCC,6.599378775195461,9.316757834949229
OCCOCCOCCO,6.299382386967459,3.197617097302256
CCCCC(CC)C(=O)OCCOCCOCCOC(=O)C(CC)CCCC,7.399369143803085,7.07340265379937
CC(=O)OCCOCCOCCOC(C)=O,12.599306539752938,-2.3802731066924565
CO/N=C(/C(=O)OC)\C1=CC=CC=C1CO/N=C(\C)/C2=CC(=CC=C2)C(F)(F)F,65.39867086785992,78.39303262236352
[Na+].COC1=CC(OC)=NC(NC(=O)[N-]S(=O)(=O)C2=NC=CC=C2OCC(F)(F)F)=N1,30.49909103734977,43.53765529907275
CCCOC/C(=N\C1=C(C=C(Cl)C=C1)C(F)(F)F)/N2C=CN=C2,94.89831571026812,74.08873636031021
CCCN(CCC)C1=C(C=C(C=C1[N+]([O-])=O)C(F)(F)F)[N+]([O-])=O,89.19838433393832,80.09300105585615
CC(C)CCCCCCCOC(=O)C1=CC(=C(C=C1)C(=O)OCCCCCCCC(C)C)C(=O)OCCCCCCCC(C)C,42.99894054684481,30.191536534784476
CC(C)CCCCCCOC(=O)C1=CC(=C(C=C1)C(=O)OCCCCCCC(C)C)C(=O)OCCCCCCC(C)C,3.199419708612666,27.4868336476638
CO[Si](OC)(OC)C1=CC=CC=C1,23.39917651595667,35.7663860357807
CCC[Si](OC)(OC)OC,13.49929570443662,11.921524138174128
COP(=O)(OC)OC,3.8994112811444026,2.2424335207015886
CN(C)C,1.5994389713974044,-5.957612934903828
CCOC(=O)C1CC(=O)C(=C(O)C2CC2)C(=O)C1,14.799280053424042,21.53598402212269
O=P(OC1=CC=CC=C1)(OC2=CC=CC=C2)OC3=CC=CC=C3,79.49850111457023,52.103642611632
O(P(OC1=CC=CC=C1)OC2=CC=CC=C2)C3=CC=CC=C3,26.899134378615344,54.50676780857904
C1=CC=C(C=C1)P(C2=CC=CC=C2)C3=CC=CC=C3,17.59924634355098,20.85018588743526
O(C(COC(CO)C)C)CC(O)C,13.399296908360718,13.5379404683924
CC(CO)OCC(C)OCC(C)OC,96.69829403963533,16.63981608241349
ClCC(CCl)OP(=O)(OC(CCl)CCl)OC(CCl)CCl,-4.500487589236116,24.866511213737724
CCCCOCCOP(=O)(OCCOCCCC)OCCOCCCC,28.499115115830605,32.4428074796093
ClCCOP(=O)(OCCCl)OCCCl,-17.600329875187008,10.099283912577476
ClCCOP(OCCCl)OCCCl,6.099384794815506,12.835106621008556
CC(CCl)OP(=O)(OC(C)CCl)OC(C)CCl,14.499283665196195,7.170642510510923
BrCC(Br)COP(=O)(OCC(Br)CBr)OCC(Br)CBr,21.399200594437502,25.553210057464497
O=C1N(CC2CO2)C(=O)N(CC3CO3)C(=O)N1CC4CO4,6.299382386967459,-7.304499104969857
P(OC=1C(=CC=CC1)C)(OC=2C(=CC=CC2)C)(OC=3C(=CC=CC3)C)=O,63.69869133456859,72.06980244823173
CC1(C)CCC(=CC2=CC=C(Cl)C=C2)C1(O)CN3C=NC=N3,15.899266810259668,13.55318556287854
CC1=C(O)C(C)=C2CCC(C)(COC3=CC=C(CC4SC(=O)NC4=O)C=C3)OC2=C1C,98.9982663493825,69.80600311586174
COCC1=NN=C(N1C2=C(Cl)C(Cl)=CC3=C2NC(=O)C(=O)N3)C4=C[N+]([O-])=CC=C4,-0.8005321344256444,48.18705137168949
S(=O)(=O)(N1CCN(CC1)CC)C2=CC(=C(OCCC)C=C2)C=3NC(=O)C4=NN(C(=C4N3)CC)CC=5N=CC=CC5,18.79923189646251,20.34567218674121
CSC1=CC=C(OC2=CC=C(C=C2CN(C)C)S(N)(=O)=O)C=C1C,15.399272829879877,70.0704918973612
CCCCCCCCCCC,4.899399241904142,25.75214795663703
CCOC(N)=O,26.899134378615344,5.529902716279146
C=CN1CCCC1=O,-17.600329875187008,-5.834066758307628
COC1=C(OC)C(=CC=C1)[C@H](O)C2CCN(CCC3=CC=C(F)C=C3)CC2,-16.90033830265527,23.828974319274735
CC(=O)CC(C1=CC=CC=C1)C2=C(O)C3=CC=CC=C3OC2=O,93.1983361769768,81.2556112283324
C[C@H]1CCCC(=O)CCC/C=C/C2=C(C(O)=CC(O)=C2)C(=O)O1,28.099119931526715,31.786720863369666
OC(=O)CN1C(=O)N(CC2=CC=C(Br)C=C2F)C(=O)C3=C1C=C(Cl)C=C3,58.99874791899839,37.00416248357659
[ZnH2+2].CN(C)C([S-])=S.CN(C)C([S-])=S,29.899098260894093,33.595977486960734
CC1=CC[C@H]2C[C@@H]1C2(C)C,11.694750727424022,9.515741093569872
CC[C@H](C)[C@H](N1SC2=CC=CC=C2C1=O)C(O)=O,13.585161835600836,30.280122456803582
CCCCCC[C@@H](O)C/C=C\CCCCCCCC(O)=O,88.57910293825279,65.23838445811526
Cl/C=C/Cl,3.0656859924929094,5.884008807247241
NC1=C(Cl)C=C(C=C1Cl)[N+]([O-])=O,99.77683590681724,103.22053082250491
FC1=CC=C(Br)C=C1,12.762238941081492,6.9458324461704635
CCCCCCCCCCCCCCCO,-12.11002512277156,32.80918384126352
OCCN1CCNCC1,6.568113515584535,8.448485120751194
CN(C)N,17.19003417242878,-11.738756665555243
[Cl-].C[N+]1(C)CCCCC1,27.507652518569415,9.414122970136368
ClCC(Cl)CCl,10.700123985960268,7.048403118012672
NCC1=CC(CN)=CC=C1,-4.522481264041922,7.2300677073799875
OC(CCl)CCl,1.7312647807625368,-2.147345861128173
CC(C)C1=CC(=CC=C1)C(C)C,21.537722496384404,18.137928492243745
OCNC(=O)NCO,13.327553674618379,4.411079530969545
CCCCC(CC)COCCO,27.390282615954334,25.931421455100875
O=CC(CC1=CC=C(C(C)(C)C)C=C1)C,78.93693816414478,27.33485681703337
OCC(CO)(CO)[N+]([O-])=O,11.440180709969283,3.1907483808859283
S1C=2C(N=C1SC(SC#N)([H])[H])=C(C(=C(C2[H])[H])[H])[H],96.17816500521084,84.86194222375724
CC(C)(CS(O)(=O)=O)NC(=O)C=C,1.340172559749746,16.352934853402303
COC1=CC=CC=C1N,52.25613307529126,60.46602621179575
ClCC(=O)NC1=CC=CC=C1,27.633197114677472,39.67191746780735
CCOCCO,-23.544500340956223,4.780264398447599
CCCCC(CC)C=O,5.540637146257218,22.192719710463862
CCCCC(CC)COC(=O)C1=CC=C(C=C1)N(C)C,45.812152987664646,38.199631931196166
OC(=O)CF,23.346237083497343,21.27144124128013
CCCCCCCCC(CO)CCCCCC,27.787438723932112,27.07845173716518
CC(C)(O)C#N,17.3946663971073,-1.301193437753703
CC(C)C1=C(O)C=CC=C1,85.84649610515265,63.74991633092621
COC1=CC(=CC=C1N)[N+]([O-])=O,98.77940141185616,85.30489235360363
O=C1OC(=O)C2C3CC(C=C3)C12,5.2954786810900245,0.6889113051401452
CC(C)(C)C1=C(O)C=CC=C1,68.29287291889939,70.17224609913887
CC(C)(CO)CO,13.953667703173622,20.64297096898379
O1C=CC2=C1C=CC=C2,24.424301735619864,43.1280762231422
CCCCOC(=O)COC1=C(Cl)C=C(Cl)C=C1,80.36312636484473,77.53366547979573
CC(C)(C)C1=CC(=C(O)C=C1)C(C)(C)C,95.10526135241994,62.99834483661914
CC1=CC=C(C)C(=C1)S(O)(=O)=O,41.53977077166962,28.688236948075783
CC1=CC(O)=C(C)C=C1,75.1560143633437,74.58622798645406
CC(C)CCCC(C)(C)O,12.51547576596488,22.554756144929513
CC1=CC=CC(C)=C1N,43.10927805424414,48.97938372998749
CC1=C(C=CC=C1[N+]([O-])=O)[N+]([O-])=O,62.332426696221404,86.17546975975628
OCC(O)CCl,13.82466379678754,2.0490899534530485
CC1=C(Cl)C=C(N)C=C1,77.07034501989182,54.078445020736055
CC1=CC(N)=CC=C1,22.97047552502457,50.3717033271849
CC1=CC=CN=C1,21.7283297659783,14.732256895042823
OCC=CC1=CC=CC=C1,23.728646359722305,36.77156733397105
CC(CCOC(C)=O)CC(C)(C)C,10.057711633829527,24.71108058513562
BrC1=CC=C(OC(=O)N2CCN3CCC2CC3)C=C1,-2.6569423943872508,-2.380752620857436
CCCCOC1=CC=C(N)C=C1,61.68036072161432,57.54619642250269
NC1=CC=C(Cl)C=C1,47.91202383167557,49.613634631940585
OC1CCC(CC1)C2CCCCC2,82.6606199695227,27.906259503771395
CCC(=C(C1=CC=C(O)C=C1)C2=CC=C(OCCN(C)C)C=C2)C3=CC=CC=C3,4.825504078410546,65.92720655600482
COC1=CC=C(O)C=C1,21.41187115965829,30.776395857771817
CN1CCOCC1,19.67976526869637,4.341765974429514
NCCCN1CCOCC1,7.328122216988447,8.857128388069569
CCCC1=CC=C(N)C=C1,35.161510915479454,39.768910547521926
C1=CC(=CC=N1)C2=CC=NC=C2,36.588152406737635,51.4803638361616
ClC1=CC=C(C=C1)S(=O)(=O)C2=CC=C(Cl)C=C2,32.24031413297445,33.45184352089237
CCC1=CC(CC2=CC(CC)=C(N)C(CC)=C2)=CC(CC)=C1N,43.36079560227333,43.22685614111302
CN1SC(Cl)=CC1=O,11.55878163121401,42.32392246369592
NC1=NC2=C(NC=N2)C(=S)N1,11.885237127482931,7.030879251256451
C=CC#N,79.82993807007672,44.04337588508052
C=CCN=C=S,11.238257930935973,15.259223522512642
CC1=CCC2CC1C2(C)C,14.685521721422141,7.5485515118271
CCC1(CCC(=O)NC1=O)C2=CC=C(N)C=C2,11.277745896715693,9.876564702794035
O[C@@H]([C@@H](O)CO)[C@@H](O)C=O,10.028676658677263,4.556100166248299
OC(=O)C1CCN(CC1)C2=C(NC(=O)NC(=O)C3=CC(F)=C(F)C=C3Cl)C=C(F)C=C2,21.46979834223619,19.044596899213744
CC1COC2=C(C=CC=C2)N1C(=O)C(Cl)Cl,31.6799739783946,33.19043486191144
COC1=CC=C(C=C1)C2=COC3=C(C(O)=CC(O)=C3)C2=O,100.63255530823,87.34543680270869
OC1=C(Br)C=C(C=C1Br)C2(OS(=O)(=O)C3=C2C=CC=C3)C4=CC(Br)=C(O)C(Br)=C4,102.22432702225993,104.38823853295051
CC(C)N1C(SCN(C1=O)C2=CC=CC=C2)=NC(C)(C)C,61.37228570024442,38.895251466369274
CCC(C)NC1=C(C=C(C=C1[N+]([O-])=O)C(C)(C)C)[N+]([O-])=O,73.41006852155263,79.70544129197783
CCCCOC(=O)[C@H](C)O,4.7216786419696035,12.45897743803421
CCCCOC(=O)C(C)O,-11.810041374664472,11.18007860064668
CCCC[Sn](Cl)(Cl)Cl,6.3879359103615485,18.071604339326342
[Na+].COC1=CC=C(C=C1)N=NC2=C(OC)C=C(N=NC3=CC=C(C=C3)S([O-])(=O)=O)C(C)=C2,111.12,98.40798410522927
[Na+].OC1=C(N=NC2=CC=C(C=C2)S([O-])(=O)=O)C3=CC=CC=C3C=C1,110.31038573870805,107.28382585724432
CN1C=NC2=C1C(=O)N(C)C(=O)N2C,-3.2432915596321124,-6.590930188218493
CC(=O)C1=CC2=C(OC(C)(C)[C@H](O)[C@H]2NC(=O)C3=CC=C(F)C=C3)C=C1,12.45645111678732,21.202808076460627
COC1=CC(Cl)=C(OC)C=C1Cl,86.9645499499411,94.98736332994133
CC(C)=CCCC(C)=CC#N,50.73299582144328,46.8189504797804
ClC1=CC=CC=C1C2=NN=C(N=N2)C3=C(Cl)C=CC=C3,60.08243292020748,52.646490445847164
NCCO.OC(=O)C1=C(Cl)C=CC(Cl)=N1,20.815701338688996,28.447937712219428
O=C1OC2=C(C=CC=C2)C=C1,19.72565602715079,43.208372166040064
ClC=1C=C2N(C(=O)C(C2=CC1F)C(=O)C=3SC=C(Cl)C3)C(=O)N,104.93307982756306,76.24551331500982
COC1=C(CN[C@H]2CCCN[C@H]2C3=CC=CC=C3)C=C(OC(F)(F)F)C=C1,5.164173962216125,33.15735054450654
CC(C)(O)C1=COC(=C1)S(=O)(=O)NC(=O)NC2=C3CCCC3=CC4=C2CCC4,35.03294023044181,45.00271012117284
CNC(=O)[C@H]1O[C@H]([C@H](O)[C@@H]1N)N2C=NC3=C2N=CN=C3NCC4=CC(Cl)=CC=C4OCC5=CC(C)=NO5,5.832011960748218,10.090229302760882
CC(C)(OO)C1=CC=CC=C1,44.22122896586343,31.771941243219374
NC#N,3.6029033344498558,15.834422363056184
NC(=N)NC#N,10.847870892651187,17.094112554188904
OC1=NC(O)=NC(O)=N1,8.176277989410309,0.0792241642762761
OC1CCCCC1,5.818066262422526,17.311695346476313
OC1CCCC1,9.23076780206646,16.63387831466885
CC(C1CC1)C(O)(CN2C=NC=N2)C3=CC=C(Cl)C=C3,44.11138055510186,30.936515789310903
CC(=O)O[C@@]1(CC[C@H]2[C@@H]3C=C(Cl)C4=CC(=O)[C@@H]5C[C@@H]5[C@]4(C)[C@H]3CC[C@]12C)C(C)=O,8.733573483395858,21.31990673151519
OC[C@H](O)[C@@H](O)[C@H](O)[C@H](O)CO,3.52541852894516,0.5287708538506735
OC[C@@H](O)[C@@H](O)[C@H](O)[C@H](O)CO,-10.730571313016497,1.3423551935384879
O[C@@H]([C@H](O)CO)[C@@H](O)C=O,-0.34376283618330206,2.761306726658198
CCCCCCCCCCO[C@@H]1O[C@H](CO)[C@@H](O)[C@H](O)[C@H]1O,60.43965889971622,56.330980090178244
BrC(Br)C#N,-2.6036850287481315,-5.665830725531514
ClC1=C(Cl)C(=O)C2=C(C=CC=C2)C1=O,92.68229642383147,75.91807209956325
OC(=O)C(Cl)Cl,10.353178207887105,-3.2039963630020907
COP(=O)(OC)O/C(/C)=C/C(=O)N(C)C,8.167027842679964,16.65801386096915
CCOC(=O)CC(=O)OCC,8.335541449245184,-0.6893852027009473
COCCOCCOC,7.091920441642621,0.809744554749237
COC1=C(OC)C=C(C=C1)C(=CC(=O)N2CCOCC2)C3=CC=C(Cl)C=C3,32.11500061269902,41.78586653116935
COP(=O)OC,11.102751848436213,0.7679274636113647
CNC,2.7139094056514708,-23.306219423881124
CCCCCCCCOC(=O)CCCCCCCCC(=O)OCCCCCCCC,14.46503908964818,18.84481877026574
CN(C)C(=O)C(C1=CC=CC=C1)C2=CC=CC=C2,8.21586388385429,27.152887671372113
[Hg](C1=CC=CC=C1)C2=CC=CC=C2,0.525025196491022,11.437214831617808
C[Si](C)(O[Si](C)(C)C=C)C=C,10.80790164744765,56.562397514115275
CC(C)[C@@H]1CC[C@@H](C)C[C@H]1O,15.860092504990533,8.413091791444188
CCCCCCCCCCCC(O)=O,98.93926272872949,57.63378551665208
O=C(OCC1CCC2OC2C1)C3CCC4OC4C3,4.023547717652619,2.382205419850905
CN([C@H]1CC[C@@]2(CCCO2)C[C@@H]1N3CCCC3)C(=O)CC4=CC=CC5=C4C=CO5,5.574947867881647,12.86382563153385
CCCN(CCC)C(=O)SCC,24.28240483850496,11.874056555795725
CCOP(=S)(OCC)SCSP(=S)(OCC)OCC,96.31532338407314,81.640790701176
CCCSP(=O)(OCC)SCCC,24.584088520142444,51.761030820792485
CCOC(=O)C1=CC=C(C)C=C1,6.592407316510162,41.658155925248934
CCOC(=O)C1=NOC(C1)(C2=CC=CC=C2)C3=CC=CC=C3,75.03232874650806,67.48050629427355
CCCC(=O)OCC,-0.6444528917807233,-4.2931415094566034
CCOC(=O)C1OC1(C)C2=CC=CC=C2,36.9065429506454,33.12501789795479
[Na+].[Fe+3].[O-]C(=O)CN(CCN(CC([O-])=O)CC([O-])=O)CC([O-])=O,9.537241404571631,5.274760141047743
CC1(OC(=O)N(NC2=CC=CC=C2)C1=O)C3=CC=C(OC4=CC=CC=C4)C=C3,66.56131584947086,67.34340196266324
CCOC(=O)C(C)OC1=CC=C(OC2=NC3=C(O2)C=C(Cl)C=C3)C=C1,80.36673340720498,60.92629501089549
CCOC(=O)[C@@H](C)OC1=CC=C(OC2=NC3=C(O2)C=C(Cl)C=C3)C=C1,65.07721675413576,55.79312395522025
CC1(C)C(C(=O)OC(C#N)C2=CC=CC(OC3=CC=CC=C3)=C2)C1(C)C,61.2202364355757,55.58048750274209
CN1N=C(C)C(C=NOCC2=CC=C(C=C2)C(=O)OC(C)(C)C)=C1OC3=CC=CC=C3,26.578060392185677,64.75440994748489
[Na+].COC1=NN(C(=O)[N-]S(=O)(=O)C2=C(OC(F)(F)F)C=CC=C2)C(=O)N1C,90.00418360055045,48.63949134605616
Cl.CNC(=O)OC1=CC=CC(=C1)N=CN(C)C,13.871731933451201,25.08475279800831
O=CCCCC=O,0.3069447552382698,20.475110771634263
C[Si](C)(C)N[Si](C)(C)C,5.375846259690938,7.916064559649058
ClC1=CC(Cl)=C(C=C1)C(CN2C=CN=C2)OCC=C,40.52629392771517,55.89387916915433
COCC1=CN=C(C2=NC(C)(C(C)C)C(=O)N2)C(=C1)C(O)=O,4.780940810069673,15.967120348286286
CC(C)C1CCC(CC2=CC=C(Cl)C=C2)C1(O)CN3C=NC=N3,-20.94531307938725,14.546570434616704
CC(C)NC(=O)N1CC(=O)N(C1=O)C2=CC(Cl)=CC(Cl)=C2,99.24036328909878,59.80543065042447
CC(C)CCOC(=O)C1=CC=CC=C1,34.521085299849716,33.86285735936367
CC1=CC(=O)CC(C)(C)C1,26.1471147928508,21.108838419954864
CCCN(CCC)C1=C(C=C(C=C1[N+]([O-])=O)C(C)C)[N+]([O-])=O,82.15472979709972,84.05767169073204
CS(=O)(=O)C1=C(C=CC(=C1)C(F)(F)F)C(=O)C2=C(ON=C2)C3CC3,68.1396142712942,42.597769331319284
OC[C@H](O)[C@H](O)[C@@H](O)[C@H](O)CO,5.196894516428074,0.5287708538506735
CCCCCCCCCCCCOC(=O)C1=CC(O)=C(O)C(O)=C1,79.44603417002315,96.98798714483107
CC(=C)C1CCC(C)=CC1,5.712354251994874,22.205547794362005
COC1=CC2=C(NC=C2CCNC(C)=O)C=C1,23.256065323049157,49.038993064615724
CC(C)C1CCC(C)CC1O,14.395190874057228,9.51808466505149
[Na+].CNC([S-])=S,28.722764649260867,28.729425486862326
SC(=S)NC.[Na].O,36.55781437555153,27.387605535146818
COC(=O)C1=C(C)C=CC=C1,15.10772146733558,38.52175745132817
CCCCC/C=C\C/C=C\CCCCCCCC(=O)OC,85.21722815301109,72.01219162928386
N#CSCSC#N,32.231081932674286,34.569775717044095
COC(=O)C=C(C)OP(=O)(OC)OC,13.656207574590788,11.869248454304412
OC(=O)C1=C(C=CC=C1)C(=O)OCC2=CC=CC=C2,70.68939332481494,64.88657225923349
CCCCC(CN1C=NC=N1)(C#N)C2=CC=C(Cl)C=C2,38.31632659799307,33.43803156896655
O=C1N(SC2CCCCC2)C(=O)C3=C1C=CC=C3,59.83133701408025,48.14610150999857
CCCCNS(=O)(=O)C1=CC=C(C)C=C1,18.454827556723046,22.02296089621815
CCNC1=CC(C)=CC=C1,13.294581515923163,28.746534638665267
O=NN1CCCC1,8.039035420799564,1.2317947789216248
[Cl-].CCCC[N+](C)(CCCC)CCCC,12.153885773054299,17.521340235357947
CN(C)C(C)=O,18.58797022092748,9.185018878049078
CN(C)C1=CC=CC=C1,26.00539758101732,21.56501406886302
NC(=O)C1=CC=CN=C1,0.4199960537954226,10.463446841166316
CO[C@@H]1[C@@H](CC[C@]2(CO2)[C@H]1[C@@]3(C)O[C@@H]3CC=C(C)C)OC(=O)NC(=O)CCl,-19.681133665966204,13.019082382251717
C[Si](C)(C)O[Si](C)(C)O[Si](C)(C)C,4.637921367260475,6.955971362792425
Cl.COC1=CC=C(N)C=C1,19.36435154830579,40.86084047383903
CC1=CC=C(O)C=C1,20.40064630817359,39.94494249918142
CCCCN(CC)C(=O)SCCC,2.28226751094752,11.929801157453198
CC1=C2N=C(C3=CC=CC=C3Cl)C4=C(NC2=NN1)C=CC(=C4)[N+]([O-])=O,89.90740349508329,71.38211865649048
[Na+].FC1=CC=C(C(=O)[N-]S(=O)(=O)/C=C/C2=CC=CC=C2)C(Cl)=C1,92.72863397587332,88.43474178721814
[K+].CCCCC(CC)C([O-])=O,22.602455329803405,38.94097918991966
C[C@]12CC(=O)[C@H]3[C@@H](CCC4=CC(=O)C=C[C@]34C)[C@@H]1CC[C@]2(O)C(=O)CO,102.57158810771983,23.568619727467336
CCCN(CCC)C1=C(C(N)=C(C=C1[N+]([O-])=O)C(F)(F)F)[N+]([O-])=O,106.59652767696235,85.60557797463247
CC(C)N(C(=O)CCl)C1=CC=CC=C1,13.393117347340755,35.42074488180488
[Na+].CCCOC1=NN(C(=O)[N-]S(=O)(=O)C2=C(C=CC=C2)C(=O)OC)C(=O)N1C,52.28774671040834,52.199178249081854
Cl.CC1=NC=C(CO)C(CO)=C1O,-2.284175828493531,67.2416175212537
O=C1NS(=O)(=O)C2=C1C=CC=C2,40.896326017742894,14.222950212673403
C=CCC1=CC=C2OCOC2=C1,26.10667080111014,49.42884240063289
CCNC1=NC(NCC)=NC(Cl)=N1,0.6858544482252285,24.276317835659015
[Na+].[O-]C1=CC=C(C=C1)[N+]([O-])=O,97.17415480607127,71.90261832265506
[Na+].CCCCCCCCCOS([O-])(=O)=O,94.58556698942067,100.74228929963041
O.[Na+].O=C1[N-]S(=O)(=O)C2=CC=CC=C12,37.29330154157843,67.8309987492152
CCCCCCCC/C=C\CCCCCCCC(=O)OC[C@@H](O)[C@H]1OC[C@H](O)[C@H]1O,55.5461241586293,70.33948422405832
CC1=CC(C)=C(C2=C(OC(=O)CC(C)(C)C)C3(CCCC3)OC2=O)C(C)=C1,51.05020082119577,48.53558365048397
C1OC1C2=CC=CC=C2,18.242553258715056,30.304167284207836
OC(=O)C1=CC(=CC=C1O)N=NC2=CC=C(C=C2)S(=O)(=O)NC3=NC=CC=C3,109.33155916268137,70.21033291566955
CC1=NN(C(=O)N1C(F)F)C2=CC(NS(C)(=O)=O)=C(Cl)C=C2Cl,79.39513007099946,62.3313319933381
CCOP(=S)(OC(C)C)OC1=CN=C(N=C1)C(C)(C)C,46.68594327453431,42.462295239870954
CC1=C(F)C(F)=C(COC(=O)C2C(/C=C(\Cl)/C(F)(F)F)C2(C)C)C(F)=C1F,23.835207738610876,17.33112215007619
OC(=O)CS,9.516957415077243,3.1781989335972156
NC(N)=S,23.12861269269544,9.48910429770661
CC(C)N(C(C)C)C(=O)SCC(Cl)=C(Cl)Cl,46.63940398282355,54.5512265475714
CCCCOCCOC(=O)COC1=C(Cl)C=C(Cl)C(Cl)=N1,51.7786623559621,61.34115252259403
CCO[Si](C)(OCC)OCC,25.781058236859835,11.312968823537496
COCCOCCOCCOC,1.5435106656655506,0.8572812562866687
OC(=O)C1=CC=C2C(=O)OC(=O)C2=C1,5.071810959276505,35.75168849463162
CCCCC(CC)COC(=O)C1=CC=C(C(=O)OCC(CC)CCCC)C(=C1)C(=O)OCC(CC)CCCC,34.43496328646131,27.125042370214842
CCCC(CCC)C(O)=O,5.520456706569057,19.661224035626404
CCCSC(=O)N(CCC)CCC,10.387505631678309,11.615140506482938
FC1(F)/C(=C\C(=O)N2CCC(N3CCCCC3)CC2)/C=4C(N(CC1)C(=O)C5=CC=C(NC(=O)C6=C(OC=C6)C)C=C5)=CC=CC4.FC1(F)/C(=C\C(=O)N2CCC(N3CCCCC3)CC2)/C=4C(N(CC1)C(=O)C5=CC=C(NC(=O)C6=C(OC=C6)C)C=C5)=CC=CC4.OC(=O)/C=C/C(O)=O,-3.8204531045143284,9.667587245790585
