,loss,val_loss
0,1.4637571882920088,1.3758169173039767
1,1.459662468405229,1.3734019172105028
2,1.458145908612105,1.3711327539517861
3,1.4557888976307014,1.3690403151454418
4,1.4540753454069206,1.366981863975525
5,1.4515113132923183,1.365018698262822
6,1.4516454956728582,1.3631627565434712
7,1.4497309714925675,1.361573963130646
8,1.4487030794141944,1.3599161310865573
9,1.4472061196782535,1.3582814524883797
10,1.4457147432535733,1.3567822649172951
11,1.4434919163129059,1.3553787573775136
12,1.4424364446980138,1.3539629022953874
13,1.4403192169046244,1.3525657030341123
14,1.4393723545527768,1.3511893876239693
15,1.4390949757215366,1.349839043674977
16,1.4355761165731502,1.3484546676386355
17,1.4356609270711975,1.3471454508945382
18,1.434066460777188,1.3458610718244501
19,1.4321660239372405,1.3446278494149086
20,1.4307072761742374,1.3434394254522808
21,1.4296144078148159,1.3422630041043926
22,1.429271382416446,1.3410382850984106
23,1.4275816225334257,1.3399331546580242
24,1.426138535435186,1.338775742717863
25,1.4239711988488364,1.3376274166615187
26,1.423386042600973,1.336474533519791
27,1.422527497586358,1.335342480541719
28,1.4193915824907462,1.3341789511156428
29,1.419250513725558,1.333035854681352
30,1.4170855040121468,1.3319264324178997
31,1.4173366383209829,1.3308319416230874
32,1.4153743336643192,1.3297021452508886
33,1.414317799271362,1.3286127230156999
34,1.4127486850722357,1.3275336035804657
35,1.4124306969450633,1.3264216695513045
36,1.4099235911821186,1.3253122005277915
37,1.4072623922721639,1.3241732943144606
38,1.4076438195915464,1.3231044814315316
39,1.4062219304169377,1.3220209896420163
40,1.4053716838919246,1.3208711049169952
41,1.4044746526833054,1.31975983187881
42,1.4018153861692881,1.3186461694592713
43,1.4012714556192507,1.3174986758474576
44,1.399062193923382,1.316373515071361
45,1.39924041357973,1.3151929315008204
46,1.397891341575232,1.314074960805602
47,1.39624353791236,1.3129573422540475
48,1.3937240717738029,1.3118213977998452
49,1.3933997714371527,1.310714938738733
50,1.3915436416548597,1.3095479409862085
51,1.3912012338854853,1.3084063258644456
52,1.3892563510366978,1.3072738087494784
53,1.3874543495983778,1.30608707161273
54,1.3852714495409124,1.304855112879386
55,1.384783054784035,1.3036757465136253
56,1.3844739593522606,1.302544019124121
57,1.383413271726423,1.301466098997841
58,1.381559441640382,1.3002920684745178
59,1.3806036314096661,1.2991408274191054
60,1.378815995899793,1.297925062387388
61,1.3784489257026,1.2967068138769118
62,1.3761023822929366,1.2955705773166537
63,1.3761583596621358,1.2942935317826907
64,1.3744072410651058,1.2931181455062608
65,1.3722610665638086,1.291881925834582
66,1.3715947214271529,1.2907450643636413
67,1.3693809539233053,1.2895179937884536
68,1.368331891278444,1.2883564242439178
69,1.3653373095327315,1.2870833631289207
70,1.3658624912730282,1.285884402566037
71,1.3646995518881013,1.2847204370013738
72,1.3634438760129748,1.283415352172482
73,1.360304104426468,1.2821855331448608
74,1.3620364904187139,1.2809519245318581
75,1.3581369144426416,1.279763986065659
76,1.3592296134981645,1.2785383881437289
77,1.3572585472654943,1.2773036968332803
78,1.3538391958970646,1.2760842596936168
79,1.352891646801541,1.2748006893993866
80,1.350433100255157,1.2736641338893346
81,1.350279645742231,1.2724097877668699
82,1.3518573497953539,1.2711708770825845
83,1.34835397038646,1.2699709238786674
84,1.347851086052627,1.2688081553138197
85,1.3467063789760347,1.2676305106996624
86,1.345512654180062,1.2664871885470559
87,1.3452124744337903,1.2653614669388777
88,1.3429107276952306,1.2642463315774395
89,1.3397611127345808,1.263127253072891
90,1.3410356736998827,1.2619604472675277
91,1.3382358836146004,1.2608798280466555
92,1.3383771325110523,1.2597405084974829
93,1.3371179116483245,1.2587175369262695
94,1.3341610393414454,1.2575204675480471
95,1.3331991283957827,1.256478856319954
96,1.3326221849930637,1.2554537130037173
97,1.3299020838816888,1.2544682981315594
98,1.3289342571885665,1.2533576546223342
99,1.328252966967706,1.2522916597546445
100,1.3278457301694482,1.251332265990121
101,1.327634039626784,1.2502824864722337
102,1.3246112304350264,1.249267223383555
103,1.3252126618728037,1.2482740728964816
104,1.323023093854735,1.247368734338959
105,1.3202180946880206,1.2464133273025402
106,1.3202679271666238,1.2453536912257677
107,1.319257799293502,1.2444601491923482
108,1.3185051845991715,1.243480051400875
109,1.3168360080785402,1.242634560236342
110,1.3142729123866526,1.2417030230561412
111,1.313479489172873,1.240706480155557
112,1.3121924891891965,1.2396868002616752
113,1.3115055267283169,1.238889517276108
114,1.311198764846356,1.2379103440060744
115,1.3112194285117025,1.2370723852522436
116,1.308834780428289,1.2361362909866591
117,1.3101412241941792,1.2352999520936832
118,1.3063821774917843,1.23437480083678
119,1.306248092701895,1.2335679606144423
120,1.305574554910524,1.232624595448122
121,1.3045686934884302,1.2317982721559648
122,1.3026959449278381,1.2309243705024442
123,1.3023481249556628,1.2300157373811662
124,1.3011327499409282,1.2292224341962874
125,1.3022442917516295,1.228391463762334
126,1.296267474668516,1.2275835910663189
127,1.2970361921089257,1.2266976885299128
128,1.2971333172550137,1.2259537631027924
129,1.2987080878501152,1.2250088972849071
130,1.296569455077783,1.2243149921334107
131,1.2950662531493253,1.223587143796408
132,1.2919690628106617,1.2228441896507873
133,1.2918907732375997,1.2220530380059673
134,1.2921344362314346,1.2212294366111478
135,1.2897651407742479,1.2203955477144182
136,1.287972072164759,1.2196171029716658
137,1.2886141548003711,1.218920129840657
138,1.287382943501012,1.2181700808661324
139,1.283631109447866,1.2173627993096452
140,1.2857891662966074,1.2167553959400832
141,1.285814942210651,1.2158976738447138
142,1.2830806710017728,1.215242369411644
143,1.2815449913090156,1.2144915901719802
144,1.2799678802345869,1.2137160682216395
145,1.2804506191729488,1.2131103482142487
146,1.2782951601339116,1.2123967683344141
147,1.2755428988970376,1.2117035931594147
148,1.275459902560101,1.2110268613616721
149,1.2742387531311123,1.21033864333035
150,1.277296031564429,1.2095873829238928
151,1.2749255048553763,1.208874642416005
152,1.2757688771223898,1.20813330091518
153,1.2755346027533647,1.2075889918763758
154,1.2713924333827624,1.206845481228309
155,1.2698224709317643,1.206196295435723
156,1.2677367760346148,1.205480032047983
157,1.2670778683233073,1.2048478571035095
158,1.2684046793012882,1.2043947838697826
159,1.268438420510819,1.2035820028106468
160,1.2678372828194564,1.2029589861992196
161,1.2642369260219166,1.2022299729017023
162,1.2651127056031743,1.2014953146257932
163,1.26307556501418,1.2011031186609522
164,1.2639804006236415,1.2002356427633734
165,1.2645598587901745,1.199754998701248
166,1.2635260100729928,1.1990555086089683
167,1.2600493982565104,1.198472687464938
168,1.2605129521145013,1.1978969903026886
169,1.2602596539206625,1.1971540676190835
170,1.2587381471044325,1.1965786244621
171,1.256746429224791,1.1959536069819194
172,1.256192276415015,1.195254889585204
173,1.2575029673592235,1.194645392404053
174,1.2568597762901568,1.1940466358932975
175,1.254637103061982,1.1934406815083205
176,1.254997319861899,1.192945297924716
177,1.2536572685683456,1.1923726476710876
178,1.2520013418913682,1.1917490133650366
179,1.251005280642231,1.1911029723308277
180,1.2511360697265541,1.1906441222091564
181,1.2503582656004557,1.1900024581475062
182,1.2515954865927124,1.1894419458818781
183,1.2484430887105067,1.188946931183194
184,1.2486336294391318,1.1883946888094665
185,1.2468259199583058,1.1878737713465102
186,1.2442664458756731,1.187248373147073
187,1.2460035540427434,1.1867756930159599
188,1.2436886880024614,1.1861521782078408
189,1.2458087071988426,1.1855997144454329
190,1.2417942503167758,1.1849593665928875
191,1.243817072004179,1.1844443658650932
192,1.2437110684909065,1.1839026273307154
193,1.240730725307736,1.1834568677167916
194,1.2406024683110106,1.183014002319687
195,1.2384671919857628,1.1823136419707292
196,1.2407690225642196,1.181785627658373
197,1.2395852993662848,1.1811800060780226
198,1.2403288996656339,1.1807415216944697
199,1.2378279560809782,1.1802839961525315
200,1.2363637452987408,1.1797232379636233
201,1.2354960853029229,1.1792154759529427
202,1.2374315640076774,1.1787255430914299
203,1.2317647462247756,1.1782051671215177
204,1.2356434798117952,1.1776538469600908
205,1.2333625021610266,1.1772256376668269
206,1.2337781157307361,1.1766275863093267
207,1.2339148120089007,1.176155389076861
208,1.232077797470474,1.1758126733378118
209,1.2316105209839117,1.1752591877814933
210,1.2302782959624778,1.1746073150172938
211,1.2310712387299776,1.1742632389068604
212,1.2324184919175978,1.1737832760406752
213,1.2280758621834857,1.1734304335735035
214,1.2253497827785722,1.1728168792355147
215,1.2266532267507841,1.1724140014833169
216,1.22540015604797,1.1719895754253027
217,1.228395456550268,1.1715844585300934
218,1.2248525026889054,1.1710019007722057
219,1.2228277122256181,1.170531808031096
220,1.223615538124745,1.1701764099245788
221,1.2226622601981745,1.1697366823584348
222,1.222456989308541,1.1692549931223686
223,1.2213904044139468,1.1688009754508806
224,1.2224699413274729,1.1683215273783225
225,1.2223523136994134,1.167984674398316
226,1.2217503466679767,1.1673966210344513
227,1.2167748698241199,1.1670267703169483
228,1.2184222319831353,1.1665731210974168
229,1.218049124699811,1.1660948102757083
230,1.217543158248234,1.1658027024881026
231,1.220330323517557,1.1651486094869654
232,1.2174827260679453,1.1646819873814434
233,1.2133205614774256,1.1642694998595675
234,1.2166182904614486,1.1638973163346114
235,1.2162644190388379,1.1634038184514635
236,1.2130385694307448,1.1631086602915286
237,1.2122056096241831,1.1626294790688207
238,1.2132443968830346,1.1622074475877222
239,1.2106744908506928,1.1617061583816861
240,1.2115967063661275,1.1614089170899287
241,1.210587719805559,1.161006801930813
242,1.2087901324313444,1.1605776750435264
243,1.211194398834097,1.1600604077516976
244,1.209638632538461,1.159759845341089
245,1.2093715927581372,1.1592701480117318
246,1.2095745063138448,1.1587728364415666
247,1.207219165417414,1.1583583949553187
248,1.20482649411211,1.1580561546667436
249,1.2056493445522598,1.1577086390940965
250,1.2044823852914988,1.1571920033517242
251,1.206211505714345,1.1568016578729736
252,1.2069211523532146,1.156470169455318
253,1.2039780848104955,1.155995991270421
254,1.203138775909232,1.1555464169592315
255,1.2020297830768185,1.1551459282997445
256,1.2029150320189381,1.154745498234654
257,1.201799365198688,1.1543119409759743
258,1.2010556686801546,1.1539036921669727
259,1.2014411796124602,1.153539818366561
260,1.198924496106729,1.1531941783918884
261,1.1984604349145014,1.1527384759150174
262,1.2008772717076577,1.1523980459347187
263,1.1976500656833584,1.1519201610047938
264,1.195433764106896,1.1515833404970515
265,1.1954598146751003,1.1512242399751418
266,1.1974940774226384,1.1507110335925013
267,1.194060937224321,1.150279662510962
268,1.196651505586634,1.1499452570737418
269,1.19431998005716,1.1497562145205444
270,1.194348611075193,1.1492989883007207
271,1.1955740778077346,1.1488956129291155
272,1.1931607293028779,1.1485978131144157
273,1.1897556614305553,1.1480978441584775
274,1.194222088477989,1.1479074625934296
275,1.1887645998977006,1.1474236896482564
276,1.1916778484258441,1.1471507200028648
277,1.1910434809374946,1.14673570224217
278,1.1906928743985505,1.146376892960389
279,1.1915017533150725,1.1460319921987685
280,1.1889434693042271,1.1457591241554832
281,1.1885000706585183,1.1452682979459046
282,1.18911974817343,1.1449157325753865
283,1.1838130724274891,1.1446915862058034
284,1.1855946881389243,1.1442854952869923
285,1.1869477562712352,1.1438048137013619
286,1.1835070287246543,1.1434075457131891
287,1.1853046989282117,1.14309760069443
288,1.1851918600632716,1.1426249093062653
289,1.1842838160889892,1.1424458927450112
290,1.185570540660589,1.1419974360569916
291,1.185177070207391,1.141643425454239
292,1.1847186476181681,1.1414073593102703
293,1.1796318638010743,1.1409581302153284
294,1.1850926237975399,1.140704290630165
295,1.1800985403794286,1.140301149347504
296,1.1835230978337195,1.139923084157431
297,1.1787028961242274,1.1395596638141474
298,1.1820130540571752,1.1393838185663663
299,1.1800035623359275,1.1389521218962588
300,1.181732953839904,1.1386156453058738
301,1.1775982455343974,1.1384077949616291
302,1.1794717145839533,1.1380288271869354
303,1.179268188055017,1.1376454916762382
304,1.1752194035172354,1.1373009626859614
305,1.1768146693760648,1.1370541558715968
306,1.1762388696679194,1.136606193916561
307,1.1754852848958146,1.1363897352472634
308,1.1724620291293841,1.1360437973936879
309,1.1741396458156896,1.135860833936973
310,1.1734557761375088,1.1354321706092965
311,1.1735896410236133,1.1349766156286651
312,1.1719332002633418,1.1346810887281311
313,1.1727152945163066,1.1343646465144492
314,1.1721915910000733,1.1340657764139244
315,1.1744697212342814,1.1336599963629217
316,1.1691574040882666,1.133401715437956
317,1.1696517704257163,1.1330483825674358
318,1.1717189239654402,1.1327201933318132
319,1.1669870332411265,1.1323704592540824
320,1.1687402729550673,1.1321392076644712
321,1.16773626294022,1.1317904255292028
322,1.1730742882570642,1.131350268751888
323,1.1675143611456387,1.1312952413974604
324,1.169024064257186,1.1310329466120095
325,1.1674386431078747,1.1306077810523008
326,1.1676808692020897,1.1302759687779314
327,1.1686878777474228,1.129870249630464
328,1.1667737182688793,1.1297045695002372
329,1.1660514620264986,1.1294183817671806
330,1.1633890083692957,1.1290865339898024
331,1.1654453631281816,1.128670499342117
332,1.163565958697544,1.1284137765085438
333,1.1618317619367617,1.1280978871892786
334,1.1635199580234432,1.1278182335973652
335,1.1616493250938968,1.127508408798144
336,1.1615970001558518,1.1272597803619238
337,1.1622360371258487,1.1269095134504195
338,1.1597946904985392,1.1266758975913391
339,1.1598081401792613,1.1263973643646978
340,1.1609569528844188,1.126063466360725
341,1.1584182316124385,1.1256979037139376
342,1.1614112845702926,1.1254175710909013
343,1.1566699845409019,1.1251554933644958
344,1.1566226541220042,1.124846787487335
345,1.1555431116865218,1.1245151720670465
346,1.1606983217440914,1.1241663731905218
347,1.1571312372950833,1.1240074773100328
348,1.1563469577550238,1.1235732053729004
349,1.1576221103275541,1.1233620594546523
350,1.1567436191409852,1.123216420339903
351,1.1533470446508363,1.122856342186362
352,1.1544427722286463,1.1224449549691151
353,1.1556878541405908,1.1223854138256562
354,1.1498945699184187,1.1218219669332805
355,1.15355128080528,1.121646969428074
356,1.1523004446179803,1.121379981029409
357,1.1525537669929344,1.120987207058267
358,1.1534318591730544,1.1208390450650785
359,1.1535110332516154,1.120647570122818
360,1.1524891829512316,1.1201387918024317
361,1.148963790787302,1.119884683779885
362,1.1508466996390134,1.1196886589682997
363,1.1471524321235314,1.1193000669918107
364,1.148923974162768,1.1189635131895974
365,1.1494921844654504,1.1188077386874553
366,1.1495833027698472,1.118476294432079
367,1.1489917000531789,1.1183794272148002
368,1.147607717916816,1.11801810732188
369,1.1441811906039048,1.117642607007708
370,1.144253014760273,1.1175007560351282
371,1.1462889061239752,1.1172047963153942
372,1.1462144995327614,1.117114375347664
373,1.1439863728856159,1.1166532686201192
374,1.1449468072674112,1.1164435165557676
375,1.143419775571601,1.11608716304308
376,1.1431744272622997,1.115797700951232
377,1.1419805332346105,1.1156829179920815
378,1.1418887552910417,1.1153901544090623
379,1.1432753724471534,1.1151541488799863
380,1.141099668400886,1.1149368239950037
381,1.141370359276989,1.1146604160419677
382,1.139460902881016,1.1143157594717732
383,1.1421660004043233,1.114160336247368
384,1.1403496461747598,1.1138688929144465
385,1.1397594483087108,1.1136048847480202
386,1.1418637668512606,1.113303434184908
387,1.1383331410277804,1.1130951236004403
388,1.1389124707817635,1.1129128852133023
389,1.138604872666306,1.1124611661451491
390,1.1378328160665052,1.1122382172083451
391,1.1402021333588783,1.1120418142752844
392,1.1379587160180347,1.1117233525754175
393,1.138690542803004,1.111456867857649
394,1.139382756553994,1.1112798585152799
395,1.1369736778927397,1.111086270422393
396,1.1380552751816586,1.1106086158290613
397,1.1366980076558006,1.110403486083264
398,1.1328907919550824,1.1102122397457428
399,1.1371816216618085,1.1098690973933036
400,1.1335367912095566,1.1097015382013944
401,1.1319904242217307,1.1093838451560993
402,1.1351967555192468,1.1092895993886214
403,1.1322854573604666,1.1089816237765997
404,1.1351830550767492,1.1087242442816856
405,1.1300812281877965,1.1085325802786876
406,1.1305210172065345,1.1082805025664137
407,1.133227109475963,1.1078741053980719
408,1.131620055305355,1.1077647197621787
409,1.1302379427842577,1.107516747698657
410,1.1287718406959335,1.10746855539502
411,1.1284545903093266,1.1070627259861758
412,1.1269481029793453,1.1068061486283458
413,1.1331076864903167,1.1066114977543349
414,1.1288697439867044,1.106454689046661
415,1.1276132822614202,1.1061738261876326
416,1.1282354844471847,1.1059725036343997
417,1.1267900013432806,1.1056032512724832
418,1.1269317880890928,1.1054770079132432
419,1.1273397444740338,1.1052703244056887
420,1.1261592024281426,1.1049013917151722
421,1.1277504270090466,1.1048200543221203
422,1.127845697571861,1.104481073037764
423,1.1260164484196709,1.1042233529448797
424,1.1251910898925823,1.103987448729268
425,1.125076641070637,1.103598684144655
426,1.1246115539133856,1.1035348774445837
427,1.1244157127925494,1.1033076114285079
428,1.123519248685222,1.1030528556925332
429,1.1222939869868838,1.102882294620209
430,1.1214755843922184,1.1026088741154705
431,1.1189300860197948,1.1023169022784105
432,1.1207968988744843,1.102246442949512
433,1.1201596470843507,1.1020963318988717
434,1.1216069536428541,1.1017812432734788
435,1.1196729810245825,1.1015327961046528
436,1.1195718930989658,1.1012658276223097
437,1.1178453562658843,1.1011117321527033
438,1.1167405472356118,1.100954342407984
439,1.1208648384248998,1.1006893179318518
440,1.1174259086179257,1.1004349128963296
441,1.1201227072726732,1.1004413302816431
442,1.1193865975068982,1.0999240947404727
443,1.115744122187008,1.0997651336268133
444,1.1171963009876156,1.0997935175607048
445,1.1186853272063855,1.0992780487993439
446,1.1157221525609764,1.0989854814931208
447,1.1150055669706012,1.0988690602000053
448,1.1169640903865572,1.0988311678098996
449,1.114533439048521,1.098514073841797
450,1.114371847860964,1.0983530632231484
451,1.1143181250920413,1.098096688492246
452,1.1090876247678567,1.0977883509227209
453,1.1119632556371317,1.0975868240107058
454,1.112698574842845,1.097473270667956
455,1.1116924121673635,1.0973794082175155
456,1.1112667524991453,1.0970353704965143
457,1.1105899418118574,1.0970724777794345
458,1.1131115350945588,1.09666226259444
459,1.1120235143991228,1.0964196605774739
460,1.1113783188238673,1.0963681286818756
461,1.1082945568360165,1.0961006256339048
462,1.110393488818575,1.0959051264400343
463,1.1087751606179843,1.0955954371583951
464,1.111555339602171,1.0956702060618644
465,1.1050322630388825,1.0952968816780293
466,1.1102102399052831,1.0951609097727852
467,1.1074151723376917,1.094906716600746
468,1.1077183902245595,1.0946678685218312
469,1.107474289299898,1.0945460871403212
470,1.1069820691988463,1.0943971999332345
471,1.1064768775715599,1.0941531929496413
472,1.1084003218946188,1.093922903693617
473,1.107349139684769,1.0938703176761655
474,1.105023878002542,1.0936948475191148
475,1.10342436157282,1.093373522342839
476,1.105937654994453,1.09330327689792
477,1.1062267734323745,1.093224043707582
478,1.1031517993671187,1.0928430574569516
479,1.1053145180461699,1.0926125700479559
480,1.1030557734151338,1.0923520794214983
481,1.0986624478463725,1.0922851524976496
482,1.1046641072539751,1.092016203928802
483,1.1016837964446264,1.0917550922883337
484,1.1029997990775968,1.0916917604049239
485,1.1020296856449692,1.0916141205203447
486,1.10224706585971,1.0912799892933547
487,1.1021312546665076,1.0911858901561895
488,1.0970170919078788,1.0908261673213784
489,1.1002639579549183,1.090813567794264
490,1.0999691917287773,1.0904561916217388
491,1.1011769382512608,1.0903458569298068
492,1.0969277298742808,1.0902117640862454
493,1.0968517825490158,1.0899740252598724
494,1.0985489839537375,1.089916091421326
495,1.094245135748058,1.0896117713203153
496,1.0986638389642838,1.0895167671450692
497,1.0970469430616832,1.0893305460708194
498,1.0984586082983119,1.0891190830789526
499,1.0968554508603057,1.0889394646984036
500,1.0960905421621108,1.0887862853796084
501,1.092955525629527,1.0884978768323292
502,1.0954298765198087,1.0884283821461564
503,1.096131514265001,1.088239785545386
504,1.0948056841921596,1.0881422108657135
505,1.0911042686307066,1.0877977173784454
506,1.0933820201958666,1.0876960076085014
507,1.0949268261302865,1.0874386416797777
508,1.0919542825478263,1.0873135117583932
509,1.0939579782000897,1.0871129313046362
510,1.0925279896511224,1.087166583855562
511,1.0921757545321051,1.0869425848378973
512,1.0923473827051386,1.0865847549196017
513,1.0891797310144584,1.0865718163820501
514,1.0922987165863933,1.0863196958063879
515,1.0899247630162923,1.0860368833126226
516,1.0872144185518662,1.0861051665668626
517,1.0939892042668486,1.0859108681251581
518,1.0948442306945874,1.0857181580822923
519,1.088310687281383,1.085675570635761
520,1.089266162621697,1.08527896681363
521,1.092087076571433,1.085177100022249
522,1.0885208767181522,1.0851535670116508
523,1.088952589118044,1.0849160062776062
524,1.0903540887942358,1.084579556963923
525,1.0881293110872015,1.0844950664418662
526,1.0891282279456056,1.0843205128685902
527,1.0845160020180915,1.0842633992072745
528,1.0868635022059159,1.0839440190474576
529,1.0881239704893748,1.0839310425534376
530,1.0855330500211493,1.0837580476488387
531,1.0872382931806015,1.0836345297949654
532,1.088598168621704,1.0835052206210305
533,1.0853950003584407,1.0832866150299516
534,1.0839675094660506,1.0831822387820007
535,1.0854210644608515,1.082954700576191
536,1.0849514454738538,1.082845354195657
537,1.0825466389299485,1.0825310368226169
538,1.0826207670413326,1.0824547893487224
539,1.0806453112504932,1.082462227950662
540,1.084990339606883,1.0824808191156272
541,1.080603136064932,1.082099210840738
542,1.0817828164330188,1.0818675978709076
543,1.0784702084117177,1.081873852173295
544,1.0818227035076085,1.0816775153393319
545,1.0808673138117524,1.0815779268020003
546,1.0796390373779723,1.0813153944638971
547,1.080133923140216,1.0811684232647136
548,1.077750739403793,1.0812995008059911
549,1.0794465227846013,1.0808068080906719
550,1.0783942808283484,1.080843921146439
551,1.0773042918442597,1.0806598322732108
552,1.078805140535145,1.0804966587131306
553,1.0777376704312729,1.0804278706234247
554,1.0748070475552034,1.080220510249565
555,1.083089264349399,1.0801536921438812
556,1.0765953015963525,1.080093103517343
557,1.0799391071543056,1.0799369835103108
558,1.0768195929182252,1.0798408315487693
559,1.0783636341519403,1.0795388680682054
560,1.074910562903889,1.0793660633789137
561,1.0743701313251515,1.0791897317687766
562,1.0729283671143774,1.0790982027030742
563,1.0776488460124423,1.078991669575181
564,1.074533294158887,1.0788884780597456
565,1.0723944905668255,1.0789130192980638
566,1.076178166601393,1.0785651437884094
567,1.0733109491361548,1.0784758320732208
568,1.0742071993669307,1.078366880266776
569,1.0718619955188753,1.078185987963226
570,1.0721732001213677,1.078048195735017
571,1.0739722915609569,1.0780145305120916
572,1.0726808094090488,1.0777815978694483
573,1.0718290309201506,1.077683004570931
574,1.0693294516917686,1.077527649610441
575,1.0698572267303674,1.0774551283649325
576,1.0710684240423762,1.0772755195095811
577,1.069134865426454,1.0769593582892245
578,1.067963233760657,1.0770097644796672
579,1.0685320413007975,1.0768630256375735
580,1.0709205513248796,1.0768206347564808
581,1.0726670564899219,1.076744964278639
582,1.0676520983811186,1.0765704557335694
583,1.0693948354787477,1.0762867016884663
584,1.066752743980865,1.076201031340814
585,1.0691057049863597,1.0760203735591714
586,1.0674496012819632,1.0758868828235468
587,1.0680732638988213,1.0758607453930464
588,1.0657453146480338,1.0757635629783242
589,1.0662255940421437,1.0758352882925593
590,1.0631547482707375,1.0754326873483726
591,1.0674201952772289,1.0754187001731725
592,1.0625129015273194,1.0751481955334292
593,1.0700590042067484,1.075241843378284
594,1.0632374102225493,1.0750611321978072
595,1.0683314103701964,1.0750510715687824
596,1.0627941177211095,1.0747267527383983
597,1.0644618738718983,1.074647717556711
598,1.0629913425792032,1.0744582195258892
599,1.0636651228313694,1.0746420572802748
600,1.065049373775116,1.074329505821117
601,1.061998037417802,1.0740608883250424
602,1.063135262947533,1.0740392932591658
603,1.0626220882498347,1.0738864239422519
604,1.059927784238048,1.0737355947494507
605,1.0622166216896767,1.0738063216498055
606,1.0631314292121503,1.0736720994944722
607,1.0617614977654999,1.0735773409538638
608,1.0617075986007543,1.0733276915896603
609,1.060490682328646,1.0732778201091664
610,1.0586520614964725,1.0730804334829853
611,1.0598530564350033,1.0729679105934162
612,1.0645698290538181,1.0728468355197307
613,1.061367452505535,1.0729846807138106
614,1.062040275293807,1.0725467736149528
615,1.0613849156559,1.072418580765297
616,1.0578446183607428,1.0726182697471638
617,1.063583985986112,1.072354575912254
618,1.058875474574672,1.0721111424610055
619,1.0583090074416763,1.0719236364953455
620,1.0599433523288395,1.0720233000796875
621,1.0569398289119478,1.0718472358966855
622,1.0526666367303015,1.0717944616844233
623,1.0561350627700523,1.0718147855694011
624,1.0519038571612676,1.071586275216165
625,1.054806734300764,1.0715982365550487
626,1.0569325164343926,1.0713969671120078
627,1.055865630394684,1.0713078779400693
628,1.0552479557257655,1.0712306311863675
629,1.0571934601194455,1.0711324401109616
630,1.0593259246140727,1.0709820757766613
631,1.05646853457066,1.0707889435943623
632,1.052502945990336,1.070755744384507
633,1.055512742782556,1.0705634745212214
634,1.0514940610445884,1.070579034941537
635,1.0508991328651458,1.0702654341231246
636,1.05584050040515,1.070175804757033
637,1.0488555336446066,1.070098388714594
638,1.0522403538750404,1.0700147128855633
639,1.0547474854792966,1.070003010891829
640,1.0499422525659388,1.0697971365930958
641,1.0481412853936227,1.0697246735090205
642,1.0512314252769661,1.0697446363024214
643,1.0513791546401492,1.0695056415931943
644,1.0495996925638114,1.0695769564580109
645,1.0501578625786712,1.0692758441837302
646,1.0479350525647844,1.0693229881383606
647,1.0499303400462374,1.0691274563279047
648,1.0527658534345936,1.0691003276995827
649,1.0519242667444468,1.06895234221119
650,1.0491698893351589,1.0687010842431832
651,1.0469620240445647,1.0687755395367418
652,1.0485722379290332,1.0687445507499842
653,1.0484625989294327,1.0686016648502674
654,1.0412521166509836,1.068337734905917
655,1.0472173597319647,1.0681827986211523
656,1.0473958263966014,1.0682540929923623
657,1.0475151325549785,1.068195448372035
658,1.0469718793288094,1.0680888530417159
659,1.045783150982864,1.0681166507429996
660,1.0456228257127866,1.0679251157631309
661,1.041889109197906,1.0677364862571328
662,1.0460019874962538,1.0679303909906752
663,1.046206270316641,1.067524159503041
664,1.0453289761313733,1.0674995004986447
665,1.0441013558720085,1.0673527514097476
666,1.0446998389821829,1.067296602824121
667,1.042927663217268,1.0672362482865267
668,1.0428685000041669,1.0670363263702853
669,1.0436366823561942,1.0670102419056557
670,1.0421594407318073,1.066901990056904
671,1.0445137253826833,1.0667023762663685
672,1.0412112471373776,1.0666513402583235
673,1.0396742889493515,1.0665675335299882
674,1.0415745052358725,1.0664414822622303
675,1.0425490749051922,1.066463063184632
676,1.0379204052056898,1.0662301923114508
677,1.0374686388654706,1.0662258294823672
678,1.043556609299556,1.066132957075179
679,1.0406980041731426,1.065901262130922
680,1.0398784348577073,1.066055332200002
681,1.040498653542371,1.065914902790984
682,1.039178256406735,1.0657114012766693
683,1.0380233256267555,1.0657144349077423
684,1.038852111087075,1.0656183730026134
685,1.0416400872538605,1.0652816183053264
686,1.0376129892786958,1.0652569053248113
687,1.0373802434448902,1.0653367807443725
688,1.0376566942626695,1.0651590197773304
689,1.0385410166710678,1.0651530841360946
690,1.0348858065652804,1.0650576243389027
691,1.039196983670019,1.0649252919250192
692,1.0373290349164588,1.064700198808536
693,1.0349690557211917,1.0647687089356614
694,1.0340277548454186,1.0646581019096744
695,1.0356442643734964,1.0646649454754145
696,1.0351879603206624,1.064535518824044
697,1.035608424802567,1.064554724219925
698,1.0383427816378576,1.0643230953747655
699,1.0339749165098124,1.0643498178833044
700,1.0351851510525183,1.064234582621595
701,1.0327503189259575,1.064281418883483
702,1.0350394520368353,1.0641000412278256
703,1.0346455183528678,1.063879905543662
704,1.0347292872944853,1.0640849282031486
705,1.031717308896475,1.0638241822725347
706,1.0336678233465715,1.0638883356320656
707,1.031090581485657,1.0635947183893033
708,1.03003135479619,1.0635717827240434
709,1.0329486740166007,1.0635489326412395
710,1.0281088518222967,1.0634697124398071
711,1.0324920337560355,1.063446818194724
712,1.0292219808164453,1.063419002597615
713,1.0319953730457883,1.0631771843889435
714,1.0309559219250923,1.0633306224756034
715,1.0272149798944434,1.063255620060475
716,1.0290984558835377,1.063017337143277
717,1.028788432907488,1.0629614352025363
718,1.030159761499283,1.0630178682451965
719,1.0292800599035263,1.0625827439472115
720,1.0291927222804231,1.062582345620772
721,1.0282154817888673,1.0626341883841786
722,1.027231730838779,1.062685124233329
723,1.0292205196635276,1.0624712509335386
724,1.028478782248432,1.0624177175919023
725,1.026707267151289,1.0625508036509552
726,1.0273389263547192,1.0622917353096655
727,1.0268769465790637,1.0621870948096452
728,1.027613319088898,1.0620937457096202
729,1.0258913639636247,1.0621531685097165
730,1.0302240814615515,1.0619500934644703
731,1.025245909686526,1.0616657006538521
732,1.0253719610407104,1.0617577495644226
733,1.024375271082574,1.0618559853793923
734,1.0206217445137642,1.0617054259228649
735,1.0273698530087427,1.0616827239135853
736,1.0243343141560406,1.0615899232340205
737,1.0256006340167756,1.061548612019629
738,1.0245496130263918,1.0614665328157438
739,1.0271186004289887,1.0613470158334506
740,1.0211474992201757,1.0612502943805575
741,1.022769406225838,1.0612049685840745
742,1.0252882373755245,1.06129250572611
743,1.0235522924464218,1.0612126834167406
744,1.0209489851116305,1.0609076920779508
745,1.0209503170579914,1.060878360531232
746,1.0200276400080746,1.0607487679105116
747,1.0214920776957928,1.06075721214239
748,1.023792023320217,1.060991428088911
749,1.0223637109015011,1.0606457915779466
750,1.0197933238454202,1.0610029968742019
751,1.0207469418956192,1.0606741033512512
752,1.0218751767242529,1.0605925151279993
753,1.020862681357528,1.060518004992395
754,1.0196658692286298,1.060746090175453
755,1.0206269866006143,1.0604799177687048
756,1.019184316969481,1.0605116407172732
757,1.022297673015352,1.0602849654077617
758,1.0176219475691586,1.0601273887671223
759,1.023846169312795,1.0604606402122367
760,1.0167493758474448,1.060142300608083
761,1.0160634590934847,1.059996073817514
762,1.0201427046905458,1.0598775838246934
763,1.0183411223795282,1.059809279499562
764,1.0200131989196688,1.059742548419546
765,1.0151168257404088,1.05997545898105
766,1.017296773067143,1.059631164079717
767,1.0171357283908382,1.0595723797564933
768,1.0196110921450323,1.0597476260714034
769,1.015503713624823,1.0595525101945706
770,1.0172131345952744,1.0593876954141022
771,1.0124924910129867,1.0595423473861547
772,1.015845592260866,1.0592804711321075
773,1.0156377764171158,1.0595998172321273
774,1.0132010609967181,1.0592689629617096
775,1.0145884177340474,1.0590504301085022
776,1.0151607913390601,1.0589842423977056
777,1.0136347030676607,1.0592603041242457
778,1.0158777208065504,1.058859700152141
779,1.0143494337860324,1.0589627617785198
780,1.011764290727632,1.0588096299413907
781,1.0136579043786524,1.059047699551894
782,1.0101664604795655,1.0588660889618622
783,1.010808939974199,1.058585252946572
784,1.0138863440610912,1.058510212574975
785,1.0115569365446835,1.0585373842110068
786,1.0100872177735554,1.0584166289530423
787,1.0102906000278518,1.0584439451988903
788,1.007985021286288,1.0584901354792042
789,1.0127121313319147,1.0582695841500602
790,1.010363117514543,1.0582502910069056
791,1.0114222324656026,1.0582049636228898
792,1.0090734154175456,1.0583076627144803
793,1.0112998159661497,1.0581308238154175
794,1.0044122080062325,1.058116682216561
795,1.0086649374423373,1.0580054917000685
796,1.0106432339909075,1.0581263805994399
797,1.0103088523848578,1.0578587589194641
798,1.0069993038701535,1.0579175065851096
799,1.0074647681445308,1.0578997927485598
800,1.0067368079559968,1.0576438724850339
801,1.0063400754342469,1.0577866803069957
802,1.0085654795223966,1.05763265007056
803,1.0062446665337978,1.0576497593457128
804,1.0064234633608873,1.0576788484328596
805,1.0023268605953197,1.0575369639777676
806,1.004778782021375,1.0574053003482033
807,1.0055818045243978,1.0573846234536344
808,1.0069376400951324,1.0573061537223059
809,1.0042399206632129,1.057083560537195
810,1.0085307905033722,1.0571792451867756
811,1.0053795896585587,1.0570603753406256
812,1.0021306249974822,1.056975183994949
813,1.0025579986195474,1.0569753776739643
814,1.0043829804364746,1.0572171533078893
815,1.0038710327138332,1.0567844689036685
816,1.001251062659686,1.0570756269136294
817,1.0041501527838803,1.0568911760828974
818,1.0009449152667849,1.0568531223417195
819,1.0019947070264108,1.0569083202837743
820,1.0052408232784185,1.0570548113264124
821,1.0028653457025452,1.0566172972141108
822,1.0020205287402086,1.0565180097307478
823,1.0037106865288956,1.0565125867183214
824,1.0021273092973821,1.0565898767683755
825,0.9985714837561367,1.056496600550543
826,1.0001697347556104,1.056572261214545
827,1.0042277589697495,1.056393938982458
828,1.0018949180778287,1.0566735455256686
829,0.994041749862985,1.0563373288577174
830,0.9997184839784251,1.0565511854162517
831,0.996263787308282,1.056368438152655
832,1.0010836418924496,1.0562814837795194
833,0.9963242479284496,1.0563534691605094
834,0.9936102509245958,1.0563467019406705
835,0.9971127870261146,1.056296921238195
836,0.9943194290092415,1.0561615906962472
837,0.9997370903902691,1.0561209088664945
838,0.9998093984035373,1.0563632906493494
839,0.999043862024943,1.0558634595201322
840,0.9958838807645076,1.0559795788933521
841,0.9961161696474155,1.05601605145175
842,0.9967617958269803,1.0560861912535697
843,0.9985337099847093,1.0560722125933188
844,0.9973581643527543,1.055793107710508
845,0.9962807471846725,1.055653932019527
846,0.9973637984804482,1.0557869485157743
847,0.9956704809057182,1.0555910120287473
848,0.9957119363963225,1.0554848349411898
849,0.9969643485787923,1.0554302064904866
850,0.9937239278636844,1.055305898333866
851,0.9918906299265955,1.0554883451207786
852,0.9972983884912456,1.0553142857032018
853,0.9946055883643774,1.0554205361059157
854,0.9917488729740828,1.055445749014977
855,0.9924895334272648,1.0553240761629894
856,0.9921400100579234,1.0552464051050365
857,0.9934281662598257,1.055094353223251
858,0.9933575877918102,1.0552786940812486
859,0.9903191906590914,1.055208949575124
860,0.9909870922294776,1.0550259608622037
861,0.9943692506604797,1.055165132656513
862,0.9912931260072279,1.0549993942205322
863,0.9895601361728313,1.054903166057411
864,0.9891314163303289,1.0550108658776733
865,0.9912764408210896,1.0549931696483068
866,0.9930947442109607,1.0548149895725758
867,0.9890542615914467,1.0551401145810364
868,0.9887508220323245,1.0550376820506542
869,0.9897929026869041,1.054824476669256
870,0.9900914857577382,1.054804912490937
871,0.9901017303940314,1.0550400679682992
872,0.9870738990372541,1.0550016482286246
873,0.9855354460232048,1.0545984365172305
874,0.9854907894401597,1.0550256661583668
875,0.9867329602886827,1.0548736154311507
876,0.9896397084999258,1.0547756787939742
877,0.9899670890053943,1.0545975099752949
878,0.9849650001944537,1.054869486113726
879,0.9869063461400724,1.0545802780271443
880,0.9834936267853938,1.0545155017774273
881,0.9895000530307018,1.0546331310387673
882,0.9811807404566345,1.0545874323163713
883,0.9837645528499119,1.0547719925425532
884,0.9870360696673068,1.054667356227847
885,0.9838485946952665,1.0544233925406061
886,0.9830076889381096,1.0543896537138822
887,0.9779076561435511,1.054713064186798
888,0.9855563640594482,1.0544821309696963
889,0.9811189121958923,1.0544694344587533
890,0.9845103031571908,1.0545212575944805
891,0.9829161573892791,1.054147130640598
892,0.9852948075094405,1.0541939569443248
893,0.9866899793667032,1.0544890409231764
894,0.9828174856082259,1.0541179021391973
895,0.9807849219449535,1.0543666526711304
896,0.9845942767720998,1.0544089898647466
897,0.9846336598689361,1.0543273915390126
898,0.9776078502301047,1.0543271093911177
899,0.984606126023898,1.0545524032583538
900,0.9801046019642778,1.0541721438091547
901,0.9805951636739113,1.0540142526926775
902,0.9799457938967782,1.0541523436657165
903,0.9815516958372398,1.0541496946505715
904,0.9794595434995553,1.0542149783335355
905,0.9793678879593489,1.0540980190110842
906,0.9784106079499143,1.054057652378775
907,0.9799077234014106,1.0537788521579623
908,0.9766102639826868,1.0540224495580641
909,0.9784512675570027,1.0537353831977012
910,0.9775879339055874,1.0539655691197651
911,0.9789526851979162,1.0540748485352744
912,0.9744114871101599,1.05407647590083
913,0.9718100903722109,1.0538611194123368
914,0.977282221790808,1.0540511699046118
915,0.9786658670156607,1.0540334093080017
916,0.9790641772469137,1.0538236809123227
917,0.9795836145467121,1.0538374303905496
918,0.9793260050945992,1.0535497229555328
919,0.9756700988794651,1.053896868200048
920,0.9746719149434491,1.0539255075824174
921,0.9770115587049422,1.0536821572601651
922,0.9779825141456608,1.0535151069447146
923,0.9768757821392587,1.0537095635624256
924,0.9733166717739492,1.0535397258278245
925,0.9704810487043847,1.053538363724586
926,0.9752307009812452,1.0535844140133614
927,0.9749561938379088,1.0533802581468448
928,0.9740233481598016,1.0536172444826177
929,0.9740794478601807,1.0535126200022478
930,0.9725889166737556,1.0535914193631373
931,0.975329195933381,1.0535163244381367
932,0.9766468571201802,1.0534851181593703
933,0.9708344060437014,1.0535876932790724
934,0.9725838094056465,1.0538147256391677
935,0.9712463079385241,1.0532839713893272
936,0.971929724780206,1.0538545771892076
937,0.9683258187363013,1.0537427044665264
938,0.9697173645089981,1.0536377545419098
939,0.9753666017909429,1.0535053493901545
940,0.9709214913170157,1.0533863438821012
941,0.9707347698151036,1.053611425164248
942,0.9697703195635997,1.0532449423256567
943,0.9701971048446919,1.05340132557451
944,0.9689549914353406,1.0534765853142911
945,0.9708361168034756,1.05359393776762
946,0.9715673593618709,1.0533891474652233
947,0.9700481791478953,1.0535433119203508
948,0.9690597194128241,1.0534737271777654
949,0.9637323639589911,1.0535301408813882
950,0.9664626949814424,1.053556258684209
951,0.9679334464125152,1.0533953317718414
952,0.9648875882327467,1.0537724083618736
953,0.9678841998567734,1.0534012444660104
954,0.9666569232218849,1.0533930577031059
955,0.967650535032311,1.053409325152852
956,0.9685093489084466,1.0536534281100256
957,0.9690455513003375,1.0534623180116927
958,0.9691497512272261,1.0533199145776597
959,0.9650105714906247,1.0531473993966423
960,0.9645182524455016,1.05372648002449
961,0.9636015189693727,1.0534330476571514
962,0.9659508103282026,1.0534960196035537
