,0
0,0.00488072
1,0.032268062
2,0.27159297
3,0.002627084
4,0.04949056
5,0.04154912
6,2.8970314e-08
7,0.2830581
8,0.0008019837
9,0.40166342
10,0.30114746
11,0.0042924834
12,0.53147686
13,0.17539923
14,0.2067895
15,0.081147455
16,0.022182882
17,0.2748262
18,0.16524898
19,0.37935743
20,0.55013335
21,0.120786235
22,0.028293952
23,0.078204386
24,0.20025492
25,0.24005577
26,0.0068517784
27,0.0018389344
28,0.17872387
29,0.024932757
30,0.046934776
31,0.11212579
32,0.007992239
33,0.01587339
34,0.0014976899
35,0.43601918
36,0.020328185
37,0.17185876
38,0.14047217
39,0.5581801
40,0.11059796
41,3.3421757e-06
42,0.13736452
43,0.061067935
44,0.19665784
45,0.6429664
46,0.06800404
47,0.010232769
48,0.19697662
49,0.062045623
50,0.078558385
51,0.00673659
52,0.20905887
53,0.2799601
54,0.24826469
55,0.064576335
56,0.4193047
57,0.0117966365
58,0.26589546
59,0.2372752
60,0.007285443
61,0.32272214
62,0.052051365
63,0.10446219
64,0.04182742
65,0.051095705
66,0.06419834
67,0.56554544
68,0.40210563
69,0.19069271
70,0.28026968
71,0.015835742
72,0.011943071
73,1.0511791e-05
74,0.017269298
75,0.001544783
76,0.14659452
77,0.15064828
78,0.0024063287
79,0.011609095
80,0.005184977
81,0.014773684
82,0.032262497
83,3.80949e-05
84,0.00020910778
85,0.0155207785
86,0.020190816
87,0.011560245
88,0.024280068
89,0.0031366667
90,0.4926091
91,0.0067870617
92,0.108418815
93,0.014657134
94,0.008205292
95,0.008584222
96,0.20704943
97,0.0006017178
98,0.0007378551
99,0.017037077
100,0.12651785
101,0.049547113
102,0.011776144
103,0.65399486
104,4.4771855e-07
105,0.50335145
106,0.003007212
107,0.2399072
108,0.34148163
109,0.0014425459
110,3.9432473e-07
111,0.0040436815
112,0.27357075
113,0.12106506
114,1.6538347e-06
115,0.33212864
116,0.4382796
117,0.14302222
118,0.016213164
119,0.11549832
120,0.53095794
121,0.058031727
122,0.00037078853
123,0.0001278877
124,0.21804544
125,0.49236995
126,0.26118407
127,0.2662086
128,0.0012187102
129,0.31363308
130,0.0011629789
131,0.01176443
132,0.12968718
133,0.53279054
134,0.0074624973
135,0.004627868
136,0.23221295
137,0.011120524
138,0.015658675
139,0.020540362
140,0.629767
141,0.21955445
142,0.00071757607
143,0.36420968
144,0.38266373
145,0.15010105
146,0.22043635
147,0.24583079
148,0.44420305
149,0.14586887
150,0.05804836
151,0.00571921
152,0.083204314
153,0.38071465
154,0.06166049
155,0.06371034
156,0.0004712011
157,0.00022494918
158,5.815089e-07
159,0.040767573
160,0.28119844
161,0.30331352
162,0.054430813
163,0.041491188
164,0.5273915
165,0.4138098
166,0.20253877
167,0.3443803
168,0.00010108245
169,0.0030912478
170,0.15443923
171,0.28300458
172,0.3629631
173,0.44728416
174,0.15404965
175,0.37950388
176,0.12094657
177,0.024488783
178,0.13663869
179,0.0066241818
180,0.2545346
181,0.018603297
182,0.13228837
183,0.003965774
184,0.2259638
185,0.0031078472
186,0.08851068
187,0.1355968
188,0.06319132
189,0.000646518
190,0.4869991
191,0.10211098
192,0.38166967
193,0.34228554
194,0.47289324
195,0.123239614
196,0.41114736
197,0.49533707
198,0.008812568
199,0.0015183351
200,0.43647143
201,0.57122934
202,0.0016816659
203,0.37362996
204,0.108426765
205,0.09842827
206,0.018848892
207,0.99373496
208,0.011123351
209,0.5586569
210,0.10620622
211,0.15374507
212,0.1595123
213,0.0023712092
214,0.048306134
215,0.0020001214
216,0.009239327
217,0.25580195
218,0.2947344
219,0.0014200958
220,0.29504913
221,0.10763232
222,0.02157362
223,0.015360643
224,0.4793224
225,0.0026124376
226,6.3293027e-07
227,0.44922376
228,8.076619e-07
229,0.4387455
230,0.024076456
231,2.2302065e-07
232,0.3486272
233,0.30114764
234,0.09065936
235,0.21859635
236,0.06420821
237,0.20539984
238,0.08603053
239,0.112351716
240,7.324339e-05
241,0.07644378
242,0.1795784
243,0.20406343
244,0.20265892
245,0.020838609
246,0.102636516
247,0.04696203
248,0.0027523574
249,0.000597394
250,0.013687386
251,0.20551799
252,0.3492092
253,1.010849e-05
254,0.01182579
255,3.324612e-06
256,0.22036046
257,1.8508307e-06
258,1.0877333e-05
259,0.00070046517
260,0.20352541
261,0.089312315
262,7.7068955e-07
263,0.36421072
264,0.52246857
265,0.15774493
266,0.38067582
267,0.16256516
268,0.15388373
269,0.5130152
270,0.0023063465
271,0.0009196489
272,0.0011268781
273,0.09103857
274,3.220473e-05
275,2.0584876e-05
276,5.0734993e-06
277,0.20106417
278,0.028178034
279,0.26076028
280,1.9062686e-06
281,0.00023751533
282,0.0061793695
283,4.9623195e-06
284,0.22520196
285,0.0041557634
286,0.182141
287,3.2749296e-05
288,0.15177374
289,0.002293555
290,0.04280293
291,0.009979552
292,0.25571868
293,0.48369953
294,7.516446e-07
295,0.038098812
296,0.20351005
297,0.15891819
298,0.24161853
299,0.19997436
300,0.10437527
301,0.0014486818
302,0.038735725
303,0.020676907
304,0.050188262
305,0.2150734
306,0.08453529
307,0.11054122
308,0.0015571967
309,0.35636172
310,0.034167726
311,0.026135892
312,0.63870853
313,0.0374103
314,0.026042987
315,0.11059004
316,0.24525224
317,0.0032416342
318,0.0050037573
319,0.004599586
320,0.0021461246
321,0.0033440553
322,6.7575915e-05
323,0.0023393475
324,0.010120671
325,0.122808546
326,0.16905394
327,0.0014196472
328,0.023351664
329,0.01844898
330,0.2163353
331,0.1180967
332,0.004956752
333,0.041602727
334,0.008434642
335,0.31643966
336,0.053688087
337,0.032255087
338,0.38267002
339,0.1290236
340,0.22288103
341,0.25284046
342,0.0051978133
343,0.004069629
344,0.0008044653
345,0.04988727
346,0.02233712
347,0.04107307
348,0.0043973722
349,0.1336248
350,0.11358314
351,0.1762744
352,0.011197865
353,0.30644408
354,0.6467358
355,2.2400432e-06
356,0.003789474
357,0.019401029
358,0.0010758606
359,0.018703077
360,0.3064409
361,0.011176855
362,5.2409847e-05
363,0.17400868
364,0.19380893
365,0.011421079
366,0.10941845
367,0.93401617
368,4.148096e-05
369,0.06645223
370,0.13711032
371,0.0026880254
372,0.35960972
373,0.28520045
374,0.17228605
375,0.02538714
376,0.015552662
377,0.0021929485
378,0.0029179708
379,0.23074163
380,0.0016974063
381,0.0027504435
382,0.0004374853
383,0.0077850916
384,0.09834531
385,0.0002237791
386,0.0102343485
387,0.0007430472
388,0.34703797
389,0.036602147
390,0.19865368
391,1.2236953e-06
392,8.107963e-07
393,0.23132142
394,0.096286565
395,0.043612417
396,0.33947653
397,0.11232858
398,0.21985516
399,0.00022485244
400,0.13860334
401,0.15128128
402,0.00015425212
403,0.07242651
404,0.0015457564
405,0.0003351957
406,2.971278e-05
407,1.76401e-05
408,0.46831262
409,0.0020236785
410,0.015239517
411,0.20456904
412,0.05257541
413,0.005712871
414,0.011576632
415,0.6272029
416,0.012016638
417,0.10202918
418,0.00032167352
419,0.009351834
420,1.3011324e-06
421,0.31507543
422,0.004311528
423,0.15515624
424,0.22091039
425,0.016234446
426,0.004445992
427,0.06978502
428,0.46770677
429,0.012068579
430,0.015299117
431,0.014196009
432,0.023137942
433,0.021340298
434,0.20625785
435,0.018838977
436,0.110465944
437,0.009966738
438,0.07394586
439,0.15345272
440,0.12170557
441,0.27746215
442,0.002349744
443,0.71810555
444,0.009422116
445,0.0034572382
446,0.28023723
447,0.019795954
448,0.123443276
449,0.000518143
450,0.1093278
451,0.14314598
452,0.04386904
453,0.09445631
454,0.00048299093
455,0.013437617
456,0.23838854
457,0.041093953
458,0.04168289
459,1.2296939e-06
460,0.12450037
461,0.0009204213
462,0.00427215
463,0.30425903
464,0.1133472
465,0.3661634
466,1.0573855e-06
467,0.03564429
468,0.0024312695
469,0.084986866
470,0.47477174
471,0.009099503
472,0.081184775
473,0.07153042
474,0.31629008
475,0.21632561
476,0.0014138465
477,0.3822021
478,0.25398952
479,0.31796038
480,0.08752183
481,0.01100815
482,0.107062556
483,0.50211555
484,0.056123808
485,0.0073627853
486,0.37483284
487,0.26246738
488,0.24142171
489,0.32289267
490,0.13840467
491,0.0064273663
492,0.13955715
493,0.0009830728
494,0.00855355
495,0.17067175
496,0.46652916
497,0.0004670113
498,0.0066217217
499,1.2113084e-06
500,0.009426985
501,0.37808254
502,0.3534924
503,0.2058501
504,0.00010952674
505,4.7713398e-05
506,0.19336161
507,0.8588183
508,6.7282485e-07
509,0.0015266251
510,0.14934313
511,0.2697835
512,0.061107364
513,0.13700543
514,0.013268032
515,0.25385988
516,0.010250377
517,0.0020415573
518,0.5618727
519,0.5323998
520,0.36445057
521,1.2716393e-06
522,0.10699396
523,0.23664162
524,0.012129522
525,0.03390848
526,0.055217784
527,0.4602167
528,0.24668092
529,0.064114064
530,0.008108797
531,0.15565109
532,0.4319199
533,0.5210906
534,0.19702904
535,0.25281805
536,0.016222265
537,0.017471364
538,0.18116063
539,0.055248763
540,0.40627608
541,0.24244894
542,0.01832458
543,0.18728057
544,0.4579765
545,0.013436763
546,0.00018393705
547,1.9077631e-06
548,0.024703708
549,0.061283723
550,0.19471094
551,0.015834127
552,0.31792438
553,0.00023257763
554,0.010150713
555,0.49867493
556,0.0028746983
557,0.052814756
558,0.043286227
559,0.0054023955
560,0.0030581872
561,0.059232313
562,0.104596674
563,0.25926998
564,0.00674716
565,0.3536385
566,0.0005045047
567,0.0058579897
568,0.21181719
569,0.44460952
570,0.008290579
571,3.768734e-07
572,0.0737032
573,0.17153081
574,0.14955075
575,0.4449227
576,0.29032874
577,0.07937394
578,0.34014112
579,0.107661635
580,0.1586357
581,0.06642383
582,0.0002507731
583,0.025632353
584,0.11529727
585,0.010736948
586,0.41817164
587,0.04032157
588,0.008367744
589,0.5708734
590,0.46775123
591,0.007262496
592,0.0502131
593,0.36560324
594,0.41820988
595,0.013256395
596,0.0021779742
597,0.010298707
598,0.14150494
599,0.039954804
600,0.37943628
601,0.055605337
602,0.090113014
603,0.34280834
604,0.044289492
605,0.0013944587
606,0.55830085
607,0.28984737
608,0.0021332428
609,0.11194145
610,0.15005808
611,0.19772026
612,0.0048813163
613,0.2821951
614,0.0014040199
615,0.0040661916
616,9.437823e-05
617,0.010673847
618,0.0007175455
619,0.00084857276
620,0.0010657744
621,0.002573104
622,0.56114393
623,0.012520583
624,0.23146978
625,0.045352157
626,0.11771729
627,0.18951376
628,1.0813284e-05
629,0.22315049
630,0.009256494
631,0.026226422
632,0.15098877
633,0.1287031
634,0.018338205
635,0.1635461
636,0.119279645
637,0.73094374
638,0.4610286
639,0.11206458
640,0.2973337
641,0.03655355
642,0.01477049
643,0.085388586
644,0.17901568
645,0.1581067
646,0.4183923
647,0.56428117
648,0.0038018862
649,0.02073812
650,0.0795283
651,0.0056044087
652,0.507234
653,0.19237794
654,0.009341512
655,0.28057158
656,0.2626301
657,0.20338023
658,0.0898021
659,2.9871235e-05
660,0.13038428
661,1.6082053e-06
662,0.031227749
663,0.01680172
664,0.5734072
665,0.023943957
666,0.010265971
667,4.4247172e-05
668,0.34740585
669,0.005416548
670,0.06434248
671,0.17136294
672,0.23848827
673,0.00044668646
674,0.13445352
675,0.32897937
676,5.9648057e-05
677,0.15422788
678,0.20484734
679,0.0010626568
680,0.42982402
681,0.06775918
682,0.43287203
683,0.03132087
684,0.11897551
685,0.18825987
686,0.0286219
687,0.36144653
688,0.39324662
689,0.16303088
690,0.003810189
691,0.05086251
692,0.31823367
693,0.0026105738
694,0.06626082
695,0.0035297754
696,0.0018895002
697,0.010626727
698,0.1621222
699,0.15978254
700,0.19847134
701,0.023312917
702,0.09955062
703,0.013157547
704,0.0055919182
705,5.2329437e-06
706,1.422207e-05
707,0.0069985026
708,0.08521404
709,0.0053831195
710,0.024734052
711,0.20390885
712,0.10200257
713,0.2849772
714,0.19511722
715,0.116662726
716,0.2766772
717,0.2906912
718,0.5098953
719,4.7292792e-07
720,4.6064138e-06
721,0.17220229
722,2.2615082e-07
723,0.24838383
724,0.00060443155
725,0.0024130587
726,0.2494305
727,0.48356935
728,0.039902464
729,2.6836648e-07
730,0.0036324242
731,0.0007500285
732,0.0041835187
733,0.28350452
734,0.210978
735,0.0028840369
736,0.07715667
737,0.02923892
738,0.14376965
739,0.003528409
740,0.17621917
741,0.024792802
742,0.0032501996
743,0.1417369
744,0.010744397
745,0.1055206
746,0.010257073
747,0.0035701587
748,0.16177762
749,0.10946412
750,0.113848165
751,0.046409354
752,0.007510111
753,0.4493934
754,0.222493
755,0.071855806
756,0.00019374823
757,0.0030477026
758,0.0006360407
759,0.287855
760,0.17570402
761,0.39878646
762,0.0008619644
763,0.00034186715
764,0.00040334873
765,0.001958124
766,0.1120006
767,0.007138811
768,3.938023e-06
769,0.0020252592
770,0.014605413
771,0.05863189
772,0.100155935
773,0.1346634
774,0.086043246
775,1.1175353e-05
776,0.18968725
777,0.0048411842
778,6.208979e-07
779,0.31382
780,0.12836818
781,0.1609032
782,0.03353244
783,0.0361822
784,0.0023415675
785,0.02065393
786,0.002562433
787,0.0006603224
788,2.2048722e-05
789,0.100394264
790,0.4071984
791,0.35328043
792,0.1493369
793,0.14568064
794,0.015501181
795,0.21511352
796,0.31025442
797,0.0004895316
798,0.42190704
799,0.016271349
800,0.0038553285
801,0.031057565
802,0.18958308
803,0.14827791
804,0.13966486
805,0.000568838
806,0.34534267
807,0.08685294
808,0.18544416
809,0.046151638
810,0.0037448946
811,0.0049814316
812,0.08611066
813,0.067233205
814,1.9283907e-05
815,0.0020746004
816,0.44840455
817,0.0015188387
818,0.004412122
819,0.0022742879
820,0.013044261
821,0.1422772
822,0.08699154
823,0.019546982
824,0.57130736
825,0.16299877
826,5.519826e-07
827,0.00925801
828,0.004533842
829,0.000813407
830,0.049445823
831,0.0032075457
832,0.28587914
833,0.24172124
834,0.088621795
835,0.016840214
836,0.11811976
837,0.0090779
838,0.022698727
839,0.15377802
840,0.000490135
841,0.28006962
842,0.13501589
843,0.5143394
844,0.02354775
845,0.55901927
846,0.0023915858
847,8.4100265e-07
848,0.009272135
849,0.047955643
850,0.01162548
851,0.062494386
852,0.6368624
853,0.05432909
854,0.34038708
855,0.1469044
856,0.24024396
857,0.117872395
858,0.00013083508
859,0.05321633
860,0.5332165
861,0.402851
862,0.4727372
863,0.2353139
864,0.27183494
865,0.011503778
866,3.4450227e-06
867,0.047935586
868,0.21174736
869,0.007783191
870,0.030167805
871,0.0040783877
872,0.5452594
873,0.049052566
874,0.17695808
875,0.04961563
876,0.12586442
877,0.071035616
878,0.30758289
879,0.043415505
880,2.3829111e-06
881,0.08914447
882,0.055481542
883,0.002303994
884,0.25378346
885,0.076506674
886,0.07390193
887,0.0029008768
888,0.03134441
889,0.02629848
890,0.01591557
891,0.003782941
892,0.24587025
893,0.3293269
894,0.1581703
895,8.929601e-07
896,0.06988845
897,0.053149972
898,0.094827086
899,0.011278309
900,0.19298713
901,0.0075389706
902,0.1587676
903,0.21701203
904,0.4686208
905,2.0781213e-06
906,0.017098522
907,0.27697036
908,0.4976114
909,0.005073172
910,0.09331614
911,0.039288137
912,0.33240962
913,0.303819
914,0.024631038
915,0.0009013166
916,0.016529405
917,0.042789035
918,0.0025735735
919,0.2602205
920,0.0023833336
921,0.09862384
922,0.20728323
923,0.24780034
924,0.67694104
925,0.0004372561
926,0.18494722
927,0.048029546
928,0.18688916
929,0.5616108
930,0.00085984933
931,0.014549085
932,0.008355977
933,0.19206229
934,0.026523193
935,0.06927919
936,0.0622391
937,0.23795225
938,9.0077774e-05
939,1.526615e-06
940,0.31077626
941,0.49760622
942,0.19102181
943,0.5046461
944,0.0024401504
945,0.16234116
946,0.24637459
947,0.120414175
948,0.053437572
949,0.3842192
950,5.6463347e-07
951,0.49266717
952,0.08830192
953,0.07549577
954,0.11029192
955,0.000532235
956,0.31567666
957,0.15320338
958,0.051397406
959,0.8795213
960,0.4517684
961,0.30054992
962,0.3032059
963,0.059603367
964,0.013207877
965,0.34344223
966,0.14592658
967,0.30533966
968,0.45503193
969,0.00039680183
970,0.062048223
971,0.0004421312
972,0.49695784
973,0.23643386
974,0.086278975
975,0.37083748
976,0.0004199365
977,0.30180073
978,0.30782706
979,4.867955e-07
980,0.10144668
981,1.5058197e-07
982,0.004251872
983,0.01799253
984,0.11124785
985,0.014532676
986,0.085115954
987,0.33027866
988,0.5757405
989,0.047473468
990,0.24751693
991,0.0015635099
992,0.268002
993,0.25371787
994,0.12961665
995,0.2646608
996,0.48116493
997,0.22782406
998,0.19854522
999,0.052507292
1000,0.30725572
1001,0.043284636
1002,0.11663788
1003,0.11526912
1004,0.2529428
1005,0.17744328
1006,0.021898124
1007,0.0035397597
1008,0.0036825682
1009,0.015057982
1010,0.2656025
1011,0.83839524
1012,0.0064903633
1013,0.21006589
1014,0.025359325
1015,0.55342776
1016,0.16047552
1017,0.20345215
1018,0.0026088636
1019,0.31965
1020,0.0040002167
1021,6.3837547e-07
1022,0.10648893
1023,0.004829307
1024,0.09417581
1025,3.6018457e-05
1026,0.259462
1027,0.10478096
1028,0.16728134
1029,0.5728374
1030,0.20537277
1031,0.27716815
1032,0.0050029852
1033,0.13495633
1034,7.4272815e-05
1035,0.02498332
1036,0.56858647
1037,0.11932411
1038,0.018639645
1039,0.16969179
1040,0.15659952
1041,0.18523712
1042,0.066205755
1043,0.039988946
1044,0.013127153
1045,0.012129829
1046,0.45506895
1047,0.2842101
1048,0.06834061
1049,0.09174807
1050,0.07984135
1051,0.49082425
1052,0.0053275656
1053,0.0002250556
1054,4.1744624e-07
1055,0.00025469912
1056,0.0029440194
1057,0.3610136
1058,0.25180975
1059,0.43090972
1060,0.008762776
1061,0.061754685
1062,0.1395284
1063,0.03444625
1064,0.20522997
1065,0.45013267
1066,0.14629155
1067,0.11499595
1068,3.931523e-06
1069,3.8160324e-06
1070,2.1213604e-05
1071,0.24072947
1072,0.27868226
1073,0.30021885
1074,1.3344135e-05
1075,3.0133464e-07
1076,8.127204e-07
1077,0.00075433205
1078,3.3307037e-07
1079,0.27114406
1080,0.03088304
1081,0.00902976
1082,0.00037162594
1083,0.007870694
1084,0.057085615
1085,0.009794073
1086,0.108683236
1087,0.17797573
1088,0.5075622
1089,0.21985465
1090,0.010543452
1091,0.00021502707
1092,0.49180654
1093,0.06753941
1094,0.65137464
1095,0.16217145
1096,0.012955747
1097,0.084720425
1098,0.006672058
1099,0.0024812317
1100,0.00077058404
1101,0.030367814
1102,0.0067006163
1103,2.5570123e-06
1104,0.0064111575
1105,0.19004467
1106,0.5388652
1107,1.8655432e-05
1108,0.0050007077
1109,0.012832954
1110,0.0096009495
1111,0.0023737107
1112,0.5572356
1113,0.060932845
1114,0.052094977
1115,0.4918
1116,0.22036242
1117,0.015809283
1118,0.004334601
1119,0.27427083
1120,0.07060902
1121,0.009307428
1122,0.29333308
1123,0.04440552
1124,0.17731382
1125,0.30048814
1126,0.30562586
1127,0.10869655
1128,0.1772836
1129,0.038270615
1130,0.06013845
1131,0.0013614406
1132,0.50791407
1133,0.3321974
1134,0.021214731
1135,0.007947436
1136,0.063085526
1137,0.06009165
1138,3.1392446e-07
1139,0.0012110982
1140,0.21168528
1141,0.1158029
1142,0.03045214
1143,5.0485146e-06
1144,0.0009744436
1145,2.3183211e-05
1146,0.30360165
1147,0.076183915
1148,6.9777765e-05
1149,0.0036986396
1150,0.0047642365
1151,0.003133281
1152,0.00426571
1153,0.5562142
1154,0.038316194
1155,0.14827952
1156,0.17727847
1157,0.094902344
1158,0.032688577
1159,0.0040097195
1160,0.14277194
1161,0.10469376
1162,0.39214548
1163,0.23913088
1164,0.45303363
1165,0.2903961
1166,0.0024964355
1167,0.13229026
1168,0.011584742
1169,0.0142827425
1170,0.38553345
1171,0.087350786
1172,9.02221e-05
1173,0.0023445885
1174,0.36596283
1175,0.31290904
1176,0.09757811
1177,0.3071041
1178,0.058312654
1179,0.0757193
1180,0.39447644
1181,0.057507537
1182,0.07629971
1183,0.012284472
1184,0.3454612
1185,0.10123793
1186,0.5010466
1187,0.20150025
1188,0.4068236
1189,0.0017640297
1190,0.45579174
1191,0.010149611
1192,0.23718284
1193,0.1355824
1194,0.117111094
1195,0.07737039
1196,3.2393616e-06
1197,9.1491354e-05
1198,1.5196395e-06
1199,6.8304604e-07
1200,0.38779384
1201,0.28267708
1202,0.53773665
1203,0.28770477
1204,0.6264794
1205,0.14882371
1206,0.0066962354
1207,0.14337489
1208,0.29507622
1209,0.56709504
1210,9.216652e-05
1211,0.25902224
1212,0.14501192
1213,0.36679476
1214,0.00453562
1215,0.00028147546
1216,0.005108954
1217,0.15122157
1218,0.35139763
1219,0.08440628
1220,0.0012310306
1221,0.0061256387
1222,0.14923683
1223,0.091473915
1224,0.4676355
1225,0.0026574207
1226,0.11472847
1227,1.7782877e-07
1228,0.17625797
1229,1.5763851e-05
1230,1.1591167e-06
1231,5.6232348e-06
1232,6.657235e-07
1233,0.052231282
1234,0.3058495
1235,0.026090026
1236,0.18401833
1237,0.0038635079
1238,0.04620941
1239,0.16364425
1240,0.23958503
1241,0.02554446
1242,0.23317263
1243,0.07655757
1244,0.0011973776
1245,0.08818995
1246,0.062763266
1247,0.11616532
1248,0.0013250107
1249,2.3414357e-06
1250,0.017152874
1251,0.5000781
1252,0.19117227
1253,0.13704202
1254,0.04232142
1255,0.0050439853
1256,0.027751055
1257,9.704255e-07
1258,7.3672214e-05
1259,0.21534301
1260,0.74180454
1261,0.0018013336
1262,2.111241e-05
1263,0.052862767
1264,0.029966306
1265,0.26589
1266,0.008415216
1267,0.015683519
1268,0.012255357
1269,0.17481394
1270,0.46748102
1271,0.3090839
1272,0.00022539584
1273,0.14868551
1274,0.004472947
1275,0.37025923
1276,0.24373484
1277,0.10321233
1278,0.058685828
1279,0.025750315
1280,0.0035010441
1281,0.08016253
1282,0.434429
1283,0.15006147
1284,0.06979557
1285,4.6691013e-05
1286,0.15134075
1287,0.4713233
1288,0.040672358
1289,0.11873855
1290,0.09966006
1291,1.0571212e-06
1292,0.26622438
1293,0.018897051
1294,0.42411503
1295,0.06641599
1296,0.010793823
1297,0.060115658
1298,0.37450486
1299,0.014885652
1300,0.98814696
1301,0.69990784
1302,0.042020366
1303,0.04586734
1304,0.27164036
1305,0.0079890145
1306,0.18151416
1307,3.062176e-07
1308,0.05425769
1309,0.0039794953
1310,0.14020719
1311,0.044707544
1312,0.07536243
1313,0.28406635
1314,0.21401864
1315,0.023066672
1316,0.56774133
1317,0.092802346
1318,0.014594276
1319,0.016982196
1320,0.48363858
1321,0.21215884
1322,0.35418487
1323,0.056477908
1324,0.08689933
1325,0.13387336
1326,0.0017719887
1327,4.259159e-05
1328,0.0029231366
1329,0.23917793
1330,0.017310733
1331,0.4535002
1332,3.884306e-07
1333,0.33308005
1334,0.11404327
1335,0.12050657
1336,0.3789702
1337,0.3722071
1338,0.01309951
1339,0.0023322494
1340,0.24424534
1341,0.042902935
1342,0.47297984
1343,0.21178402
1344,0.14616524
1345,0.013418172
1346,0.059610765
1347,0.087815605
1348,3.725178e-05
1349,0.03876198
1350,0.0016586089
1351,0.15531614
1352,0.40889314
1353,0.18023162
1354,0.17202745
1355,0.44277737
1356,0.10536924
1357,0.22506566
1358,0.14707056
1359,0.48772085
1360,0.13839264
1361,0.029441342
1362,0.19284798
1363,0.20380272
1364,0.035294484
1365,0.010000445
1366,0.2163741
1367,0.0015401511
1368,0.120514445
1369,8.837205e-07
1370,0.16782561
1371,0.1846186
1372,4.4172324e-05
1373,0.026185207
1374,0.38165373
1375,0.23433487
1376,0.110167645
1377,0.57360256
1378,0.6354854
1379,0.010344223
1380,0.28240472
1381,0.08920607
1382,0.28919697
1383,1.9362255e-07
1384,0.0857495
1385,0.006398285
1386,0.14003794
1387,0.14930803
1388,0.61275023
1389,0.10232325
1390,0.08619931
1391,5.4749427e-07
1392,0.08589526
1393,0.011702052
1394,0.10839488
1395,0.21379592
1396,0.008789378
1397,0.036059745
1398,0.005327398
1399,0.03171639
1400,0.075561486
1401,0.13074091
1402,0.16569155
1403,0.31486952
1404,0.007071707
1405,0.04624555
1406,0.0007940688
1407,0.3784981
1408,0.26837808
1409,0.47813207
1410,0.13611083
1411,0.013257194
1412,0.0051555648
1413,0.23287252
1414,0.25705853
1415,0.0034126467
1416,0.13560785
1417,0.029251838
1418,0.0924345
1419,0.15851857
1420,0.25571647
1421,0.2474406
1422,0.21648385
1423,0.04027906
1424,0.1344509
1425,0.012904589
1426,0.011182638
1427,5.9736385e-07
1428,0.4789246
1429,0.24851762
1430,0.17827745
1431,0.13922992
1432,0.030609766
1433,0.0134764435
1434,0.38009968
1435,0.20860748
1436,0.4896259
1437,0.22822315
1438,0.053214833
1439,0.2913219
1440,0.005374858
1441,0.039340902
1442,0.009493474
1443,0.018753834
1444,0.065047346
1445,0.117049515
1446,0.023222234
1447,6.380722e-05
1448,0.061331697
1449,0.0044651073
1450,0.0026099205
1451,0.00444179
1452,0.03193822
1453,0.074340135
1454,0.11624854
1455,0.16369168
1456,0.11405435
1457,0.06291446
1458,0.20871186
1459,0.10912971
1460,0.0043784836
1461,0.011601748
1462,0.044981502
1463,0.17569375
1464,0.40858403
1465,0.28886983
1466,0.02121652
1467,0.21086958
1468,0.0027637866
1469,0.16821723
1470,0.07347723
1471,0.23513478
1472,0.44870275
1473,0.014406281
1474,0.016589869
1475,0.29121605
1476,0.0061146244
1477,0.20898652
1478,0.41604668
1479,0.3066953
1480,0.0041083843
1481,0.99560165
1482,0.5745472
1483,0.23049535
1484,0.01052878
1485,0.052156314
1486,0.20512776
1487,0.53428775
1488,0.0030449794
1489,0.046665255
1490,0.54993343
1491,0.25721508
1492,0.009443799
1493,0.006409754
1494,0.10703717
1495,0.22238104
1496,0.037635937
1497,0.27076563
1498,0.057460085
1499,0.3723603
1500,0.027991291
1501,0.010523406
1502,9.983278e-06
1503,0.046545576
1504,0.01924226
1505,0.043826383
1506,0.0013838384
1507,0.17728661
1508,0.031096058
1509,0.174598
1510,0.012199272
1511,0.02238259
1512,0.09158388
1513,0.15881993
1514,0.001610484
1515,0.019662622
1516,0.2727285
1517,0.16224714
1518,0.16243292
1519,0.03815116
1520,0.18694
1521,0.0046083494
1522,0.11880496
1523,0.05159641
1524,0.030519377
1525,0.09745891
1526,0.03293743
1527,0.48927954
1528,2.1860416e-05
1529,5.2895877e-05
1530,0.45945728
1531,0.026734743
1532,0.0029339548
1533,0.82611424
1534,0.2711064
1535,0.12156495
1536,0.070669256
1537,0.5412271
1538,0.021528954
1539,0.0038614431
1540,0.036970537
1541,0.121890776
1542,0.010492503
1543,0.0075858086
1544,0.07830654
1545,0.38072902
1546,0.014190868
1547,0.010609753
1548,0.47608876
1549,0.0018265966
1550,0.15391025
1551,0.49824402
1552,0.34092718
1553,0.18394713
1554,0.13640617
1555,0.0073847957
1556,0.0980447
1557,0.9369541
1558,0.046485323
1559,0.23745993
1560,0.37585643
1561,0.014337536
1562,0.43102363
1563,0.32614982
1564,0.23606722
1565,0.28728366
1566,0.28931075
1567,0.21885444
1568,0.00039942653
1569,0.22949979
1570,2.5812995e-05
1571,0.0027481609
1572,2.7524113e-05
1573,0.13533169
1574,0.01443581
1575,0.0031378674
1576,0.17190734
1577,0.031598285
1578,0.07693753
1579,0.031720497
1580,0.12724493
1581,0.50977117
1582,9.3760355e-05
1583,9.330078e-07
1584,1.4931062e-06
1585,2.9751689e-06
1586,6.960972e-05
1587,4.4747267e-06
1588,1.856876e-06
1589,0.040054042
1590,0.010070718
1591,0.036079906
1592,0.0037523133
1593,0.328868
1594,0.07797256
1595,0.16164109
1596,0.12857391
1597,0.0025980594
1598,6.4416554e-07
1599,0.010649795
1600,0.003183047
1601,4.164101e-07
1602,0.058645725
1603,0.00042434712
1604,0.1127817
1605,0.31462535
1606,0.095444866
1607,0.13950595
1608,0.0038868708
1609,0.0022646356
1610,0.095713764
1611,0.4828079
1612,0.0029067085
1613,0.16254261
1614,0.00082705705
1615,0.048065696
1616,0.88519573
1617,0.55876374
1618,0.0007614429
1619,0.13006523
1620,0.007345972
1621,0.0058599757
1622,0.0059943497
1623,0.14276005
1624,0.21155578
1625,0.46803766
1626,0.49152187
1627,0.035756733
1628,0.0152942445
1629,9.91734e-05
1630,0.040865168
1631,0.00035939022
1632,0.108312175
1633,0.005502367
1634,3.3936175e-07
1635,0.22943683
1636,0.18585272
1637,0.09666464
1638,0.14178067
1639,0.0124104805
1640,0.03765727
1641,0.00037967588
1642,0.09109905
1643,0.025419408
1644,0.20381437
1645,0.00057718274
1646,0.1223668
1647,0.09681034
1648,0.027506888
1649,0.003957652
1650,0.0016247478
1651,0.23221679
1652,0.20094231
1653,0.48749372
1654,0.14675072
1655,0.14499898
1656,0.18201898
1657,1.3707729e-06
1658,0.13151388
1659,0.22630684
1660,0.31977254
1661,0.16939138
1662,0.4798666
1663,0.14186138
1664,0.18591988
1665,0.1388003
1666,0.030247683
1667,0.050160266
1668,0.24601872
1669,0.07178441
1670,0.21070139
1671,0.0021780606
1672,0.19384958
1673,0.16614173
1674,0.16475382
1675,0.09521062
1676,0.5210081
1677,0.004429819
1678,0.0012236546
1679,0.10969564
1680,0.03434244
1681,0.17984852
1682,1.5264211e-06
1683,0.27607894
1684,0.2704155
1685,0.0034394634
1686,0.57418877
1687,0.30193
1688,0.5481396
1689,0.075936794
1690,3.0195608e-06
1691,0.04002705
1692,0.20659299
1693,0.0027594033
1694,0.19307368
1695,0.29578197
1696,0.22152755
1697,0.17624006
1698,0.27215365
1699,0.1422128
1700,0.0037436795
1701,0.0016903571
1702,0.00059132697
1703,0.0022192686
1704,0.005687244
1705,0.305306
1706,0.012235421
1707,0.028288065
1708,0.46577486
1709,0.005620322
1710,0.21743606
1711,0.0029661208
1712,0.39670178
1713,0.16953087
1714,0.27762008
1715,0.2647782
1716,0.007544592
1717,0.020170113
1718,0.34494713
1719,0.1694258
1720,0.003432384
1721,0.007804934
1722,0.0015760949
1723,0.009627834
1724,0.044935856
1725,0.13603579
1726,0.4529408
1727,0.009462195
1728,0.0046980954
1729,0.26639983
1730,0.004303436
1731,0.044262353
1732,0.011884387
1733,0.57093734
1734,0.15015703
1735,0.28239572
1736,0.17998032
1737,0.12616163
1738,0.07589337
1739,0.33377263
1740,0.09054272
1741,0.113264106
1742,0.13960263
1743,0.26763764
1744,0.49920982
1745,0.0030656743
1746,0.30202276
1747,0.2748782
1748,0.003309235
1749,0.13966537
1750,0.13755922
1751,0.3885198
1752,0.05168544
1753,0.24878561
1754,0.15602052
1755,0.09230551
1756,0.005886709
1757,0.25850153
1758,0.08689875
1759,0.52548724
1760,0.09679533
1761,0.30790052
1762,0.39163378
1763,0.005143251
1764,0.14117785
1765,0.45699257
1766,0.055718612
1767,0.006420891
1768,0.02840132
1769,0.3541155
1770,0.05537933
1771,0.37934664
1772,0.4009182
1773,0.14623633
1774,0.31938916
1775,0.0007857474
1776,0.10215473
1777,0.022335501
1778,0.31398118
1779,0.08726473
1780,4.1981858e-07
1781,0.19075988
1782,0.3186443
1783,0.07412726
1784,0.17230754
1785,0.14592265
1786,0.010957008
1787,0.0036284935
1788,4.2762989e-07
1789,0.018213166
1790,0.10019119
1791,0.5746096
1792,0.20287208
1793,0.16927105
1794,0.42434996
1795,0.096285105
1796,0.064746685
1797,0.010560216
1798,0.0011505574
1799,0.07575792
1800,0.27069837
1801,0.56360036
1802,0.25212333
1803,0.20458592
1804,2.7657643e-06
1805,0.27014065
1806,0.11345285
1807,0.116943754
1808,0.026806641
1809,0.07494534
1810,0.15805885
1811,0.0017276849
1812,0.17032436
1813,0.001209934
1814,0.006162669
1815,0.044794787
1816,0.1750011
1817,0.18759495
1818,0.5280685
1819,0.3600797
1820,0.18763383
1821,0.0052229497
1822,0.07277373
1823,0.0050633755
1824,0.3663998
1825,0.00311549
1826,0.0169385
1827,0.00087977067
1828,0.029351821
1829,0.03301394
1830,0.045267936
1831,0.011057137
1832,0.3191875
1833,0.041122068
1834,0.19121115
1835,0.24258538
1836,0.5687727
1837,0.05179158
1838,0.1988673
1839,0.00081103656
1840,0.2176956
1841,0.00057005923
1842,4.545065e-05
1843,0.2640776
1844,0.06023159
1845,0.0011598285
1846,0.0039260024
1847,0.08668277
1848,0.30766234
1849,0.009332564
1850,0.07151827
1851,0.36015493
1852,0.00948367
1853,0.15839195
1854,0.0007808235
1855,0.0045381403
1856,0.00054696563
1857,0.04473092
1858,0.028227704
1859,4.3792887e-05
1860,0.046858147
1861,0.0024758498
1862,0.0073928866
1863,0.094986856
1864,0.009181643
1865,1.1113241e-06
1866,6.3543723e-07
1867,0.0028038186
1868,0.0026886319
1869,0.035232883
1870,0.00026716568
1871,0.64649385
1872,8.524533e-05
1873,0.00522415
1874,0.005312836
1875,0.02696533
1876,0.011152303
1877,0.0010547119
1878,0.010080202
1879,0.00028509993
1880,0.19160795
1881,0.1860574
1882,0.38375235
1883,0.44694194
1884,0.5137199
1885,2.675692e-05
1886,0.070359915
1887,0.08696251
1888,0.008437195
1889,0.24198036
1890,0.99340665
1891,0.06271758
1892,0.51026005
1893,0.043361533
1894,0.17064647
1895,0.249896
1896,0.32667738
1897,0.50836843
1898,0.0023533313
1899,0.060906537
1900,0.18784
1901,0.32270625
1902,0.06424943
1903,0.010104648
1904,3.359749e-07
1905,9.786769e-08
1906,0.2870592
1907,0.30242032
1908,0.13444869
1909,0.20752622
1910,1.5099477e-08
1911,0.00010065216
1912,0.11251419
1913,0.005154007
1914,0.00015059399
1915,0.012397072
1916,0.017092962
1917,0.055096325
1918,0.008170237
1919,3.272152e-05
1920,0.41977495
1921,0.011678499
1922,0.015592889
1923,0.020275325
1924,0.35935912
1925,0.3495347
1926,0.13527578
1927,7.269126e-06
1928,5.95669e-06
1929,0.0033935239
1930,9.660022e-08
1931,2.2504219e-05
1932,0.45009288
1933,0.2248086
1934,0.57269657
1935,0.39417234
1936,0.005707284
1937,3.677039e-06
1938,0.00236145
1939,0.004297492
1940,8.864654e-09
1941,0.010160222
1942,0.021244202
1943,0.8758705
1944,0.31446394
1945,0.15620321
1946,0.2221341
1947,0.03610332
1948,0.065985896
1949,0.21374221
1950,0.22341928
1951,0.35120606
1952,0.30778253
1953,0.0009902273
1954,0.07343542
1955,0.117577955
1956,0.02620974
1957,0.003690342
1958,0.14419898
1959,0.3415776
1960,0.040664215
1961,0.17934404
1962,0.4613829
1963,0.057020053
1964,0.0003620984
1965,0.0028510331
1966,0.510141
1967,0.064672075
1968,0.06266767
1969,0.002262762
1970,0.2573289
1971,0.023616608
1972,0.40892705
1973,0.0020993531
1974,0.00017261635
1975,0.50317204
1976,5.208309e-05
1977,0.36577383
1978,0.004211188
1979,0.018246984
1980,0.000374273
1981,0.0070003164
1982,0.031119416
1983,0.00045156726
1984,0.008704917
1985,0.0037839115
1986,0.17668903
1987,2.7885044e-05
1988,0.38584465
1989,0.0044845287
1990,0.1592145
1991,0.020044163
1992,7.5090617e-07
1993,0.57120067
1994,3.9149632e-05
1995,0.04347813
1996,0.52565324
1997,0.0037011225
1998,0.0045936825
1999,0.2149875
2000,0.23096424
2001,4.3881676e-07
2002,0.15776046
2003,0.46487132
2004,0.053501133
2005,0.077312276
2006,0.10364721
2007,0.18653427
2008,0.1965263
2009,0.24181253
2010,0.2403873
2011,0.0036492024
2012,0.35853016
2013,0.067807816
2014,0.12913577
2015,0.18116105
2016,0.15015595
2017,0.12602033
2018,0.035830915
2019,0.053380407
2020,0.34056532
2021,0.118619435
2022,0.025151229
2023,1.841747e-05
2024,0.08588545
2025,0.12855054
2026,0.1434695
2027,0.07300783
2028,0.047158998
2029,0.03316016
2030,0.0005985745
2031,0.1885014
2032,1.7841013e-06
2033,6.1938554e-05
2034,0.17238092
2035,0.1575005
2036,0.2170925
2037,0.107895456
2038,0.050835397
2039,0.044083722
2040,0.25154555
2041,0.35315397
2042,0.24394147
2043,0.0042434135
2044,0.0012047489
2045,0.11796401
2046,0.27587572
2047,0.0087391455
2048,0.18439601
2049,0.3689718
2050,2.2971798e-07
2051,0.09315365
2052,0.11910582
2053,0.1356702
2054,0.010333397
2055,0.20374884
2056,0.2109316
2057,0.2387049
2058,0.0077706943
2059,0.0013869524
2060,0.24621907
2061,0.07250958
2062,0.023244314
2063,0.059071008
2064,0.0020448002
2065,0.0181733
2066,0.15849952
2067,0.1356876
2068,0.08185085
2069,0.061170056
2070,0.67433673
2071,0.057891477
2072,0.083406255
2073,0.013377079
2074,0.058422703
2075,0.087582454
2076,0.020131638
2077,0.22368969
2078,0.07172144
2079,0.08479283
2080,0.07884447
2081,0.033650327
2082,0.1678029
2083,0.15681939
2084,0.21428825
2085,0.098895274
2086,0.0011733694
2087,0.10570202
2088,0.1306712
2089,0.15676452
2090,0.015678367
2091,0.16040182
2092,0.08630365
2093,1.8680987e-07
2094,0.73794234
2095,0.5914237
2096,0.2761675
2097,0.0021736245
2098,0.062726036
2099,0.5271323
2100,1.4160089e-05
2101,0.0043067103
2102,0.21923383
2103,0.21336721
2104,0.056469608
2105,0.45434865
2106,0.13257195
2107,0.1752305
2108,0.2444156
2109,0.6000466
2110,0.18075563
2111,0.4326997
2112,0.45706493
2113,0.39364555
2114,0.08628433
2115,5.2203464e-05
2116,0.15399505
2117,0.2278761
2118,1.3601186e-06
2119,0.24135117
2120,0.12231027
2121,0.29915875
2122,9.5631134e-05
2123,0.23956677
2124,0.25562584
2125,0.14414087
2126,0.046770334
2127,0.00035159814
2128,0.090642005
2129,0.007883448
2130,0.27930513
2131,1.900928e-06
2132,0.4501672
2133,0.2229226
2134,0.34173605
2135,0.20302208
2136,0.2099456
2137,0.049323503
2138,0.0027529253
2139,0.25795454
2140,0.37611753
2141,0.0038328222
2142,0.30606157
2143,0.30304497
2144,0.053129252
2145,0.46221158
2146,0.01981007
2147,0.0036489423
2148,0.040540233
2149,0.16358295
2150,0.09985096
2151,0.16740015
2152,0.08303745
2153,0.26951507
2154,0.2985651
2155,0.3096764
2156,0.016690334
2157,0.06591468
2158,0.00407725
2159,0.0005060886
2160,0.014586733
2161,0.10429565
2162,0.0036703076
2163,0.0030604105
2164,0.3106853
2165,0.48986587
2166,0.20298865
2167,0.075444214
2168,0.062084153
2169,0.061957203
2170,0.10621498
2171,0.29924572
2172,0.13523637
2173,0.21753065
2174,4.408262e-07
2175,0.0007570614
2176,0.065399185
2177,0.18785593
2178,0.002898171
2179,0.071287066
2180,0.111006334
2181,0.009903524
2182,0.0062604668
2183,0.20269845
2184,0.18220623
2185,0.3820616
2186,6.713297e-05
2187,0.53618664
2188,0.19834393
2189,0.17621347
2190,0.1733544
2191,0.19300735
2192,3.3191787e-07
2193,0.0020873689
2194,1.6806897e-06
2195,0.06012896
2196,0.2803983
2197,0.08334911
2198,0.06016238
2199,0.0068881707
2200,1.0803627e-06
2201,0.37568253
2202,0.017714605
2203,0.030723166
2204,0.019320339
2205,0.003948196
2206,0.0002151206
2207,0.11355708
2208,0.420944
2209,0.0021520955
2210,0.36334634
2211,0.23380305
2212,0.30325288
2213,0.15710455
2214,0.021404596
2215,5.6298326e-05
2216,0.10909506
2217,2.0012281e-05
2218,0.07076937
2219,0.014846878
2220,0.00050405774
2221,0.00046867924
2222,0.09675261
2223,0.17202413
2224,0.25820026
2225,0.01030851
2226,0.034950536
2227,0.38110733
2228,0.56995106
2229,0.2691374
2230,0.0027111098
2231,0.0148604885
2232,9.4010767e-07
2233,0.18291457
2234,0.00032877424
2235,5.0833694e-07
2236,0.002329092
2237,0.08735356
2238,0.5056818
2239,0.004496176
2240,0.0007935921
2241,0.00031047876
2242,0.11622815
2243,6.1655606e-05
2244,0.0634734
2245,0.08302772
2246,0.014319344
2247,0.49494097
2248,0.17774025
2249,0.037746634
2250,0.006399755
2251,0.15682189
2252,0.07228524
2253,0.16013595
2254,0.12082826
2255,1.7803786e-05
2256,0.017918793
2257,0.4199469
2258,0.037170313
2259,0.084667586
2260,0.047192812
2261,0.21781345
2262,0.13140257
2263,0.018856468
2264,0.48506117
2265,0.050547574
2266,0.048164517
2267,0.049985323
2268,0.00014872637
2269,0.00011960165
2270,0.14816047
2271,0.051365104
2272,0.00074392033
2273,0.004123206
2274,0.0016658083
2275,0.14762951
2276,0.004058144
2277,0.101564445
2278,0.24489224
2279,0.00085406826
2280,0.24342102
2281,0.014872916
2282,0.12554173
2283,0.06791971
2284,0.9552377
2285,0.09116428
2286,0.07107866
2287,0.0134674255
2288,3.7183123e-05
2289,0.20475748
2290,0.08750913
2291,0.02190173
2292,0.09001252
2293,0.0044309185
2294,0.14741851
2295,0.0013390953
2296,0.03953599
2297,0.16651967
2298,0.00013576551
2299,0.07305157
2300,0.3945012
2301,0.183422
2302,0.041674033
2303,0.0036133148
2304,2.307068e-05
2305,0.24208774
2306,0.11588711
2307,0.012693535
2308,0.124456145
2309,0.086952575
2310,0.21268524
2311,6.7285805e-06
2312,0.11565405
2313,4.0034672e-07
2314,0.043734513
2315,0.08164666
2316,0.28003287
2317,0.022349924
2318,0.13893864
2319,0.14290017
2320,0.021345919
2321,0.08145908
2322,0.053064164
2323,0.011315299
2324,0.14459583
2325,0.06770719
2326,0.066645615
2327,0.0601481
2328,2.011648e-06
2329,0.21986055
2330,0.005704432
2331,0.0581213
2332,4.484286e-05
2333,0.0035560369
2334,0.27524313
2335,0.09803191
2336,0.055742122
2337,0.064195834
2338,0.0003355866
2339,0.04602685
2340,0.06898439
2341,0.0027190233
2342,0.314837
2343,0.18335752
2344,0.061722938
2345,0.073195815
2346,0.004650714
2347,0.019695517
2348,0.6380543
2349,0.06602438
2350,0.16489373
2351,0.22394885
2352,0.1172883
2353,0.32355142
2354,0.48969087
2355,0.020422079
2356,0.2264553
2357,0.0005021455
2358,0.037082426
2359,0.24118668
2360,0.3201253
2361,0.011598418
2362,0.16336188
2363,0.057093844
2364,0.10918396
2365,0.0025957113
2366,0.13331424
2367,0.19901602
2368,0.2695293
2369,0.013844941
2370,0.095170364
2371,0.016400935
2372,0.22538665
2373,0.29452646
2374,0.13014545
2375,0.07479815
2376,0.296769
2377,0.12445484
2378,0.016938824
2379,0.11404061
2380,0.3416102
2381,0.23987882
2382,0.031246085
2383,0.3824164
2384,0.053025816
2385,0.83044
2386,0.7194543
2387,0.010354022
2388,0.4277307
2389,0.0068769297
2390,0.05124495
2391,0.0031461348
2392,0.3927415
2393,0.48289225
2394,0.42904726
2395,0.03543844
2396,0.3810292
2397,0.16903567
2398,0.02437207
2399,0.5090959
2400,0.26561287
2401,0.14113857
2402,0.029240029
2403,0.19243872
2404,0.015445754
2405,0.004241705
2406,0.0042062774
2407,0.13887958
2408,0.5274746
2409,0.0013617077
2410,0.004058949
2411,0.018709665
2412,0.0486963
2413,0.3187093
2414,0.061809517
2415,0.00077843794
2416,0.1445967
2417,7.69539e-05
2418,0.27043158
2419,0.43676233
2420,0.000475566
2421,0.2810058
2422,2.2367572e-05
2423,0.30880675
2424,0.14350219
2425,0.031754896
2426,0.0036003655
2427,4.9920352e-05
2428,0.5581189
2429,0.004073915
2430,0.009783067
2431,0.033811845
2432,0.01431073
2433,0.03174512
2434,1.0092231e-05
2435,0.029106405
2436,0.21200582
2437,0.043492064
2438,0.1632566
2439,0.003655481
2440,0.15605637
2441,0.013766313
2442,0.10371013
2443,0.43727934
2444,0.338643
2445,0.41259217
2446,0.30893052
2447,0.25060475
2448,0.1608985
2449,0.33307886
2450,0.053188886
2451,1.710844e-05
2452,0.010477545
2453,0.00017767583
2454,0.00020705764
2455,0.0019098539
2456,0.1374732
2457,0.0010158096
2458,0.24149315
2459,0.03013099
2460,0.06486013
2461,0.030291965
2462,0.1256672
2463,0.061226133
2464,0.00023060325
2465,0.23366444
2466,2.7495756e-07
2467,0.18417259
2468,0.24867499
2469,0.004998779
2470,0.004735334
2471,0.34911385
2472,0.2254511
2473,0.5403961
2474,0.26176098
2475,0.3780119
2476,0.19974817
2477,0.0044778506
2478,0.14845622
2479,0.0055375267
2480,0.0008022758
2481,0.008869178
2482,0.10801188
2483,0.06835031
2484,0.12944311
2485,0.006499569
2486,0.020864228
2487,0.010558042
2488,0.003542306
2489,0.6126037
2490,0.19923793
2491,0.14168166
2492,0.025925424
2493,0.5489751
2494,0.005548078
2495,0.10458292
2496,0.00091920176
2497,0.0015497452
2498,0.0049783946
2499,0.067977324
2500,0.19976442
2501,0.07215703
2502,0.10023127
2503,0.08169157
2504,0.00025802807
2505,0.047815222
2506,0.051384028
2507,0.14022282
2508,0.027936425
2509,0.16585813
2510,0.06338066
2511,0.19037265
2512,0.02353051
2513,0.23059681
2514,0.0012107405
2515,0.29287013
2516,0.000342138
2517,0.0071201217
2518,0.09213357
2519,0.036771435
2520,0.30415064
2521,0.17999205
2522,0.012698121
2523,0.019070676
2524,0.003350549
2525,0.08937372
2526,0.004100919
2527,0.05819655
2528,0.031188516
2529,0.018957295
2530,0.0405566
2531,0.07084464
2532,1.1168819e-06
2533,0.19251905
2534,2.406595e-05
2535,0.13030669
2536,0.24073689
2537,0.42995748
2538,0.0014753552
2539,0.24801782
2540,0.34258112
2541,0.94555813
2542,0.0067380024
2543,0.008596913
2544,0.29206255
2545,0.004339616
2546,0.3089824
2547,0.3568708
2548,0.0489545
2549,0.0028715057
2550,0.46350467
2551,1.3657071e-06
2552,6.538732e-06
2553,4.497366e-06
2554,1.1971377e-06
2555,1.4016107e-05
2556,0.1597457
2557,3.811133e-05
2558,0.049852654
2559,0.09590254
2560,0.7533931
2561,0.0075279158
2562,0.016409468
2563,0.22983927
2564,0.16564584
2565,0.007330133
2566,0.10699019
2567,0.21392503
2568,0.110573106
2569,0.20292246
2570,0.0010401723
2571,0.16298379
2572,0.12900583
2573,2.039081e-06
2574,1.0572044e-05
2575,0.0006156122
2576,0.06537538
2577,0.19242445
2578,4.9142564e-06
2579,1.4046735e-07
2580,5.1608855e-05
2581,2.6905653e-05
2582,1.4688227e-07
2583,2.6622786e-06
2584,9.706814e-07
2585,5.6633613e-05
2586,0.00051457173
2587,0.0005908509
2588,0.00016200317
2589,0.23520817
2590,0.085517846
2591,0.0040966137
2592,0.24585137
2593,0.00963824
2594,2.6742102e-08
2595,0.00019435414
2596,4.2624916e-07
2597,0.0001660218
2598,0.016047005
2599,2.162222e-09
2600,0.0005236817
2601,0.06279364
2602,0.009541726
2603,6.7135466e-07
2604,4.6150693e-05
2605,0.00026387765
2606,0.0005348998
2607,0.00037620752
2608,0.096073985
2609,0.0023656548
2610,1.2871502e-06
2611,3.745211e-09
2612,0.013052397
2613,0.002376307
2614,0.0017415999
2615,0.1134519
2616,0.00218107
2617,2.0714067e-05
2618,0.009040266
2619,7.214111e-05
2620,0.00020731498
2621,0.2467956
2622,0.0017390292
2623,1.1220467e-05
2624,0.24364956
2625,0.0076858494
2626,0.0007396623
2627,0.41072863
2628,0.034498043
2629,0.051292825
2630,0.31195614
2631,0.069606684
2632,0.020196585
2633,0.055886455
2634,0.009329848
2635,0.2792273
2636,0.24481463
2637,0.08785928
2638,0.06658425
2639,0.18830447
2640,0.007166289
2641,0.14959845
2642,2.5074443e-05
2643,0.008444727
2644,0.00830934
2645,7.8919875e-06
2646,0.00017036458
2647,0.22749378
2648,0.030588266
2649,0.0045994325
2650,0.0012734075
2651,0.06321306
2652,0.022822248
2653,0.22820441
2654,0.017186446
2655,0.0059846514
2656,0.000524316
2657,0.012350858
2658,0.2961266
2659,0.24851848
2660,4.3137356e-06
2661,0.45370358
2662,0.15210445
2663,0.00025941388
2664,5.21157e-06
2665,0.22570136
2666,0.005713312
2667,0.095791005
2668,6.243606e-05
2669,0.21527784
2670,0.13383478
2671,0.1508025
2672,0.18988776
2673,0.14902622
2674,0.1299158
2675,0.16733292
2676,0.06802863
2677,0.20687684
2678,0.18835576
2679,0.046439357
2680,0.045411743
2681,0.2369258
2682,0.013521021
2683,0.0044647465
2684,0.14909373
2685,0.08446059
2686,1.1923182e-06
2687,0.56760913
2688,0.008423071
2689,6.3597768e-06
2690,0.05113535
2691,0.04858393
2692,0.30905998
2693,0.008295662
2694,0.08367298
2695,0.31271198
2696,0.031066112
2697,0.30419034
2698,0.6344094
2699,0.18006477
2700,0.3371026
2701,0.11551737
2702,0.108828895
2703,0.09509742
2704,0.5971714
2705,0.009202033
2706,0.00028081497
2707,0.037614044
2708,4.252211e-06
2709,0.013148385
2710,0.18077107
2711,0.07010665
2712,0.07177472
2713,0.00050564844
2714,0.17419584
2715,0.15077987
2716,0.3148821
2717,0.05163828
2718,0.2254857
2719,0.0031786126
2720,0.18673632
2721,0.3880091
2722,0.0009396496
2723,0.028293569
2724,0.030272739
2725,0.29325628
2726,0.01389029
2727,0.26525047
2728,0.2556627
2729,0.097501196
2730,0.07811573
2731,0.00020087519
2732,0.1612765
2733,0.002422473
2734,0.26105845
2735,0.006402844
2736,0.1351791
2737,1.0527415e-06
2738,0.23982295
2739,0.54601836
2740,0.74416894
2741,0.14681849
2742,0.2762062
2743,0.23439293
2744,0.0126672415
2745,0.035588033
2746,0.4637243
2747,0.033183433
2748,0.22309484
2749,0.13401204
2750,0.12521699
2751,0.11677455
2752,0.0854491
2753,0.042637385
2754,0.10862689
2755,0.058377292
2756,0.00055295986
2757,0.0004843249
2758,0.5525058
2759,0.0014923273
2760,0.00042996282
2761,0.0044019897
2762,0.3077933
2763,0.30783024
2764,0.06259542
2765,0.011582391
2766,0.047800433
2767,0.15330942
2768,0.050474424
2769,0.20950413
2770,0.13243796
2771,0.013968934
2772,0.2288839
2773,2.814454e-07
2774,0.10290615
2775,0.16434392
2776,0.18064308
2777,0.5682283
2778,0.10543699
2779,0.06227443
2780,0.19047907
2781,0.09116919
2782,0.0241169
2783,0.00021463507
2784,3.7018153e-06
2785,0.00817379
2786,0.07251169
2787,0.016339228
2788,0.053741325
2789,0.038441893
2790,0.08046511
2791,0.033939812
2792,0.21282536
2793,0.07192638
2794,0.4327821
2795,0.11799153
2796,0.28068936
2797,0.09769689
2798,0.14275973
2799,0.037676897
2800,0.07008041
2801,0.06458556
2802,0.13668908
2803,0.044810336
2804,0.027408252
2805,0.12036035
2806,0.21645047
2807,0.1523079
2808,0.06866924
2809,0.071289
2810,0.15169108
2811,0.057122175
2812,3.3985078e-05
2813,0.067849316
2814,0.33664697
2815,7.927518e-07
2816,0.33778375
2817,0.35403198
2818,0.55464286
2819,8.16375e-07
2820,0.0013005501
2821,0.014872695
2822,0.13188139
2823,0.0017198257
2824,0.0023425568
2825,0.022357587
2826,0.3390741
2827,0.27933243
2828,0.08952001
2829,0.236537
2830,0.08741058
2831,0.36576018
2832,0.1220679
2833,0.03587309
2834,0.0097080255
2835,9.4611634e-05
2836,0.0060759876
2837,0.042299688
2838,0.21490641
2839,0.18762638
2840,0.008548681
2841,0.26326838
2842,0.35948023
2843,0.016104365
2844,0.16726504
2845,0.11225186
2846,0.107593484
2847,5.6609605e-07
2848,0.08958329
2849,0.0028596534
2850,0.2474187
2851,0.37193963
2852,0.029663246
2853,0.20098695
2854,0.003424384
2855,0.047613744
2856,0.011748278
2857,0.016257808
2858,0.016277874
2859,0.0006637566
2860,0.0019680795
2861,0.024222877
2862,0.003778048
2863,0.04302487
2864,0.18639456
2865,0.0027414344
2866,0.0032600632
2867,0.017416501
2868,0.043855067
2869,0.03864623
2870,0.03825816
2871,0.0006628002
2872,0.00018198804
2873,0.0069216066
2874,0.13778818
2875,0.1366432
2876,0.020283606
2877,0.25402722
2878,0.13273987
2879,0.2564593
2880,0.06691961
2881,0.14243373
2882,0.11349859
2883,0.12816024
2884,0.05367039
2885,0.011016695
2886,0.085249156
2887,0.2237974
2888,0.44034007
2889,0.11859133
2890,0.057026364
2891,0.23645045
2892,0.02146822
2893,0.17848511
2894,0.0015775476
2895,0.0063103507
2896,0.016187211
2897,0.014035201
2898,0.0024689513
2899,0.012035283
2900,0.16255665
2901,0.4284277
2902,0.00032517154
2903,0.0004161993
2904,0.18081386
2905,0.44141373
2906,6.9959395e-07
2907,0.0016818368
2908,0.7658962
2909,0.052091237
2910,0.54238945
2911,0.24566616
2912,0.1203656
2913,0.5044674
2914,0.0021730554
2915,0.053499844
2916,0.009504305
2917,1.3879062e-06
2918,0.23603716
2919,0.04675519
2920,0.14459121
2921,0.04627749
2922,0.049242973
2923,0.11002712
2924,0.2862023
2925,0.06830865
2926,0.060222194
2927,0.1569706
2928,4.4368924e-05
2929,0.13215186
2930,7.568555e-05
2931,0.02712782
2932,0.07188769
2933,2.9665196e-07
2934,0.16210645
2935,0.36355838
2936,0.46431413
2937,0.09326554
2938,0.0071825017
2939,8.525469e-05
2940,0.0067982255
2941,0.17912956
2942,0.14347601
2943,0.314938
2944,0.15091592
2945,0.2202159
2946,0.5092361
2947,0.32679102
2948,0.30852035
2949,0.17534918
2950,0.22882126
2951,0.015175467
2952,0.56457967
2953,0.0064047207
2954,0.63124907
2955,0.012299642
2956,0.0019106346
2957,0.038411792
2958,0.013075036
2959,0.023902396
2960,0.28577888
2961,0.0039897277
2962,0.00036333772
2963,0.18193273
2964,5.88296e-07
2965,0.17157677
2966,0.016086567
2967,0.0024358968
2968,0.0016111498
2969,0.14584133
2970,0.3435571
2971,0.0011418848
2972,0.0012680942
2973,0.0048514013
2974,0.062050752
2975,0.00533146
2976,0.05986909
2977,0.54024893
2978,0.12135145
2979,0.048541956
2980,0.5836812
2981,0.022681255
2982,0.004311318
2983,0.0005584011
2984,0.015388844
2985,0.3006571
2986,1.1326249e-06
2987,0.8796442
2988,0.2220978
2989,0.0061406293
2990,0.0041659633
2991,6.026847e-07
2992,0.0073206103
2993,0.020335086
2994,0.16025263
2995,0.016812012
2996,0.35324523
2997,0.033123583
2998,0.1437645
2999,0.04396149
3000,0.16337304
3001,0.0032844376
3002,0.07643692
3003,0.15063518
3004,0.32137698
3005,0.08866331
3006,0.0053962856
3007,0.16919963
3008,0.10565374
3009,0.0027198023
3010,0.12519182
3011,0.043512102
3012,0.031874068
3013,8.673924e-08
3014,0.05053244
3015,0.10930147
3016,0.14755112
3017,0.36263213
3018,0.11753229
3019,0.28785953
3020,0.04652634
3021,0.0057099923
3022,0.0030429265
3023,0.26134506
3024,0.1765685
3025,0.02928912
3026,0.0027100248
3027,0.015340867
3028,0.32836762
3029,0.13089848
3030,0.012821469
3031,0.09494395
3032,0.33904707
3033,0.25375253
3034,0.18189701
3035,0.0048742476
3036,0.17145213
3037,0.12260304
3038,0.06838056
3039,0.008572597
3040,0.09013244
3041,0.013048885
3042,0.0118936775
3043,0.044859122
3044,0.19169655
3045,0.106743634
3046,0.018947968
3047,0.094128415
3048,0.09897162
3049,0.17601399
3050,0.020693153
3051,0.04028404
3052,0.054357704
3053,0.14871989
3054,0.016111283
3055,0.55992526
3056,0.3586985
3057,0.0014140932
3058,0.3490243
3059,0.13584986
3060,0.78806466
3061,0.2961342
3062,0.025216235
3063,0.07225428
3064,0.0018865751
3065,0.0009910656
3066,0.07299002
3067,0.362665
3068,0.05022689
3069,0.04933409
3070,0.029486548
3071,0.00855051
3072,0.0017198932
3073,0.0022866512
3074,0.0046237824
3075,0.0038464349
3076,0.054892175
3077,0.15414205
3078,0.016488105
3079,0.0038427468
3080,0.0010441744
3081,0.34282333
3082,0.007823044
3083,0.009675834
3084,0.35420907
3085,0.2938844
3086,0.013677419
3087,0.030828413
3088,0.16198382
3089,0.16451144
3090,0.019726608
3091,0.30094457
3092,0.051517144
3093,0.5515096
3094,0.34588563
3095,0.5925569
3096,0.03719822
3097,0.27411765
3098,0.2825017
3099,0.43299717
3100,0.080061816
3101,0.54823905
3102,0.2541692
3103,0.46361154
3104,7.4704457e-07
3105,0.0013207507
3106,0.019745441
3107,0.3898143
3108,0.0016344384
3109,0.008203287
3110,0.34385285
3111,0.5367097
3112,2.274802e-05
3113,0.018957634
3114,0.66484743
3115,0.013130243
3116,7.346336e-07
3117,0.39136738
3118,0.16937006
3119,4.2442633e-07
3120,0.13687344
3121,0.29169324
3122,0.060058087
3123,0.46194682
3124,0.11543321
3125,0.011964352
3126,0.051240142
3127,0.26698104
3128,0.046158634
3129,0.11061562
3130,0.22997397
3131,0.18676752
3132,0.22962134
3133,0.24008922
3134,0.70341676
3135,0.2775519
3136,0.16031562
3137,0.6485227
3138,0.00027677507
3139,0.030662827
3140,0.012552641
3141,0.3950442
3142,0.13899553
3143,0.20443827
3144,0.54826176
3145,6.064284e-07
3146,0.16706578
3147,0.0071958033
3148,0.0022393344
3149,0.18429512
3150,0.21468924
3151,0.4104912
3152,0.0026283383
3153,0.0030483927
3154,0.0047585885
3155,0.00079239684
3156,0.0043702805
3157,0.0038536007
3158,0.019480128
3159,1.716264e-05
3160,0.1955665
3161,0.8173444
3162,0.11196756
3163,0.00018575978
3164,0.014404831
3165,0.015410065
3166,0.19349657
3167,0.02031094
3168,0.0045519047
3169,0.0034807231
3170,0.01996871
3171,0.19182664
3172,0.5423418
3173,0.30067042
3174,0.0032596518
3175,0.0017128758
3176,0.25320858
3177,0.025925696
3178,0.14982486
3179,0.2764104
3180,0.082222745
3181,0.079958156
3182,0.105455786
3183,0.011516327
3184,0.14953806
3185,0.015255287
3186,0.19194712
3187,0.16579881
3188,0.19049525
3189,0.34356886
3190,0.024320131
3191,0.07187659
3192,0.18153976
3193,0.007986901
3194,0.048413225
3195,0.032781128
3196,0.018977208
3197,0.019740814
3198,0.0035664472
3199,0.040764596
3200,0.011499273
3201,0.033326935
3202,0.5597986
3203,0.005441433
3204,0.0009190397
3205,0.0020927887
3206,0.05187926
3207,0.44787058
3208,0.44993266
3209,0.27114516
3210,0.3407545
3211,0.5357251
3212,0.014455811
3213,0.0068347203
3214,0.19687761
3215,0.0040053576
3216,0.001870829
3217,0.056443725
3218,0.04134898
3219,0.06528944
3220,0.3019486
3221,0.02059716
3222,0.40527257
3223,0.27687982
3224,0.4562982
3225,2.391117e-07
3226,0.067718014
3227,0.03486257
3228,0.00026433892
3229,0.43505347
3230,0.0006208337
3231,0.030143932
3232,0.25220114
3233,0.11699805
3234,0.299421
3235,0.13873455
3236,0.29524073
3237,0.005952712
3238,0.05373301
3239,0.38728932
3240,0.4841346
3241,1.0755815e-06
3242,0.20585628
3243,0.003338569
3244,0.009359889
3245,0.002981468
3246,0.022629099
3247,0.06816648
3248,0.005662637
3249,0.009403002
3250,0.014607118
3251,0.15676033
3252,0.04388231
3253,2.3217048e-05
3254,0.022754325
3255,0.019833436
3256,0.029789163
3257,0.023092896
3258,0.09859849
3259,0.011367592
3260,0.14690071
3261,0.00022520257
3262,0.29317003
3263,0.027216233
3264,0.06409073
3265,0.49815172
3266,0.025399692
3267,0.55447423
3268,0.0017725226
3269,0.08972698
3270,0.09717079
3271,0.02681674
3272,0.53115517
3273,0.10533208
3274,0.009020196
3275,0.48422712
3276,0.56642735
3277,0.001579901
3278,0.27011055
3279,0.03784541
3280,0.06883888
3281,0.13093086
3282,0.13079226
3283,0.020774454
3284,0.00414161
3285,0.070334196
3286,0.08442651
3287,0.0023757725
3288,0.19056961
3289,0.0031790168
3290,0.0023582338
3291,0.027197864
3292,0.0067597674
3293,0.0148275485
3294,0.008888481
3295,0.291313
3296,0.4839933
3297,0.10865796
3298,0.00045723724
3299,0.09844594
3300,0.13546565
3301,0.24544208
3302,0.2886916
3303,0.20128785
3304,0.016449125
3305,0.26615572
3306,0.0728089
3307,0.2693593
3308,0.11913838
3309,0.13175431
3310,0.07567738
3311,0.003825157
3312,0.0095722135
3313,0.086426035
3314,0.001180277
3315,0.22088298
3316,0.059083562
3317,0.24495074
3318,0.058642633
3319,0.044962388
3320,0.14705615
3321,0.0030555117
3322,0.32622832
3323,0.38711146
3324,0.040024318
3325,0.002985183
3326,0.48240337
3327,0.007844946
3328,0.06438092
3329,0.15623143
3330,0.00062628725
3331,0.00028213745
3332,0.099072315
3333,0.24758153
3334,0.08540801
3335,0.059144326
3336,0.0753149
3337,0.0053476486
3338,0.09980943
3339,0.229602
3340,0.16834068
3341,0.11026016
3342,0.038078126
3343,0.5518144
3344,0.037520856
3345,0.055667654
3346,0.26976326
3347,0.00020831932
3348,0.08993951
3349,0.010732968
3350,0.55522335
3351,0.35347137
3352,0.027842164
3353,0.038657762
3354,0.011956239
3355,0.12638606
3356,0.11087374
3357,0.016035737
3358,0.03756347
3359,0.016612198
3360,0.12504046
3361,0.00087781047
3362,0.06709711
3363,0.040240984
3364,0.014518089
3365,0.0002916137
3366,0.0023919512
3367,0.002512913
3368,0.19522518
3369,0.12594154
3370,0.3622823
3371,2.8949808e-07
3372,0.015656775
3373,0.030527787
3374,0.049876843
3375,0.018860547
3376,0.0063986927
3377,0.00012810843
3378,0.033320103
3379,0.0105587635
3380,0.023187354
3381,0.031148616
3382,0.009805177
3383,0.14441372
3384,0.0027850554
3385,0.022167385
3386,0.0013650962
3387,0.018291725
3388,0.0011355707
3389,0.004650202
3390,0.0011407629
3391,0.26379165
3392,0.0026270903
3393,0.0148775475
3394,0.00081127055
3395,0.0031965927
3396,0.38842952
3397,0.057376277
3398,0.5621314
3399,0.106278375
3400,0.052486483
3401,0.22877917
3402,0.2185348
3403,0.3996935
3404,0.0006775452
3405,0.0044362103
3406,0.010723342
3407,0.22473224
3408,0.007825565
3409,0.1744019
3410,0.00036083112
3411,0.00051325903
3412,0.028808156
3413,0.012999368
3414,0.002469645
3415,0.106587514
3416,0.013724109
3417,0.12937896
3418,0.1258439
3419,5.8976628e-05
3420,0.26636443
3421,0.035053443
3422,0.25105932
3423,1.950992e-06
3424,0.009439053
3425,0.06236808
3426,0.15718526
3427,0.08606297
3428,0.23282927
3429,0.15019137
3430,0.08734412
3431,0.100980334
3432,0.5483828
3433,0.61809725
3434,0.22968428
3435,0.0024200052
3436,0.437326
3437,7.339581e-05
3438,0.0011873745
3439,0.46639803
3440,0.49717513
3441,0.48381603
3442,3.5363766e-07
3443,0.03489599
3444,0.30967075
3445,0.2703925
3446,0.29342297
3447,0.034981027
3448,0.12440944
3449,0.5531763
3450,0.19375966
3451,0.016549112
3452,0.07864394
3453,8.386954e-07
3454,6.231759e-07
3455,0.10601666
3456,0.08649245
3457,0.09463861
3458,0.05565401
3459,2.2094664e-06
3460,0.1397753
3461,0.06881317
3462,0.04632382
3463,0.014651656
3464,0.08974031
3465,0.07308862
3466,0.22289772
3467,6.562603e-07
3468,1.7022888e-06
3469,0.115081646
3470,0.0006572806
3471,0.0031644946
3472,0.029322786
3473,0.0065138475
3474,0.15773594
3475,0.37664047
3476,0.00023574647
3477,0.25023028
3478,0.2718334
3479,0.12662736
3480,0.03488675
3481,0.057585005
3482,0.08187259
3483,0.12287598
3484,0.30514997
3485,0.02284342
3486,1.023655e-05
3487,1.5108658e-06
3488,0.017858382
3489,0.103898875
3490,0.024545377
3491,0.13071854
3492,0.30728152
3493,0.31799164
3494,0.2892273
3495,0.24249272
3496,0.0019201327
3497,0.02239476
3498,0.18039422
3499,0.27386525
3500,0.25263152
3501,0.499321
3502,0.05453661
3503,0.44957983
3504,0.28973308
3505,0.07782083
3506,0.98777795
3507,0.018158063
3508,0.017101992
3509,0.117892355
3510,0.53573686
3511,2.103132e-06
3512,0.0015305337
3513,0.04812532
3514,0.005184239
3515,0.0008574326
3516,0.0030539082
3517,0.0040438618
3518,3.35441e-06
3519,0.008361573
3520,0.029845234
3521,0.1283937
3522,0.21192822
3523,0.29377222
3524,0.01856208
3525,0.50827366
3526,0.0285101
3527,0.14873262
3528,0.20602454
3529,0.76326567
3530,0.064236835
3531,0.00913442
3532,0.0006662808
3533,0.17015374
3534,0.0065430035
3535,0.057681628
3536,0.1811221
3537,0.00033642098
3538,0.0038261611
3539,0.095853925
3540,0.17101288
3541,0.14585318
3542,0.062266607
3543,0.46565384
3544,0.30842996
3545,0.00019284552
3546,0.045104314
3547,0.22657698
3548,0.039199553
3549,0.038405508
3550,0.21031286
3551,0.00067331747
3552,0.29042068
3553,0.09634727
3554,0.2498544
3555,0.00034621404
3556,0.22546683
3557,0.13406286
3558,0.46937528
3559,0.0014178515
3560,0.02301814
3561,0.105746455
3562,0.033478044
3563,0.00232127
3564,0.018366024
3565,0.14995019
3566,0.005719675
3567,0.04019396
3568,0.2906657
3569,0.0021576632
3570,0.023288593
3571,0.1545377
3572,4.2175042e-08
3573,0.117559
3574,0.014667688
3575,0.004314205
3576,0.064879894
3577,0.09404733
3578,0.07533239
3579,0.24846776
3580,0.03446475
3581,0.37180856
3582,0.13351633
3583,0.070101
3584,3.2536892e-07
3585,0.7416312
3586,0.0007986388
3587,0.07031054
3588,0.2405294
3589,0.0028502173
3590,0.0026356524
3591,0.017855316
3592,0.22473224
3593,0.0012021144
3594,0.0039186045
3595,0.01288476
3596,0.004871209
3597,0.063633874
3598,0.1410298
3599,0.013018768
3600,0.075976014
3601,0.0006470697
3602,0.02058085
3603,0.44085857
3604,0.10066004
3605,0.00037253444
3606,0.0053871647
3607,0.0015518494
3608,0.033579536
3609,0.029669804
3610,0.12790215
3611,0.0007098556
3612,0.14544512
3613,0.033241205
3614,0.21927449
3615,0.49801886
3616,0.018044392
3617,0.014103384
3618,0.22903216
3619,0.01876195
3620,0.39765647
3621,0.33584595
3622,0.025231188
3623,0.14443755
3624,0.108470924
3625,0.14188541
3626,0.18050778
3627,0.17491767
3628,0.5074639
3629,0.2076417
3630,0.20114721
3631,2.1700538e-05
3632,0.0107648745
3633,0.21972959
3634,0.120931916
3635,0.21992747
3636,0.30862167
3637,0.3465335
3638,0.16626544
3639,0.028842513
3640,0.13856862
3641,0.19131447
3642,0.24490596
3643,0.08994415
3644,0.13635264
3645,0.000832623
3646,1.766548e-08
3647,0.06470751
3648,0.018348804
3649,0.049533803
3650,0.29591691
3651,0.008734842
3652,0.36985677
3653,0.1303401
3654,3.903972e-07
3655,0.033382922
3656,0.18815774
3657,0.001613064
3658,0.063053526
3659,0.65786356
3660,0.4785931
3661,0.25125238
3662,0.64492387
3663,0.0066255783
3664,0.36906198
3665,0.023534916
3666,0.39776957
3667,0.32093388
3668,0.015901428
3669,0.05999036
3670,0.025038417
3671,0.03286336
3672,0.0018435145
3673,0.23755726
3674,0.49586362
3675,0.53387916
3676,0.0133074075
3677,0.0028277992
3678,0.008324232
3679,0.3722052
3680,0.0038718677
3681,7.019023e-05
3682,0.0007861858
3683,0.003960661
3684,0.47311273
3685,0.07115672
3686,0.24651003
3687,0.0164409
3688,0.0017096255
3689,0.06720075
3690,0.0042648134
3691,0.019030105
3692,0.56461525
3693,0.12583768
3694,0.021789253
3695,0.0010040748
3696,0.013273972
3697,0.116759785
3698,1.0701499e-06
3699,0.09253687
3700,0.014677998
3701,0.005035635
3702,0.00058001647
3703,0.0038467364
3704,0.972053
3705,0.00021650393
3706,0.0059396895
3707,0.037394274
3708,0.22663686
3709,0.10807169
3710,0.082607634
3711,0.00067289744
3712,0.041209154
3713,0.016698591
3714,0.026636437
3715,0.06692098
3716,0.039916344
3717,0.02186452
3718,0.26096237
3719,0.018803066
3720,0.05521023
3721,2.2604676e-05
3722,0.00026230846
3723,0.05857499
3724,0.4019658
3725,0.02441918
3726,0.14518735
3727,0.00014814794
3728,0.04746934
3729,0.005922386
3730,0.05629883
3731,0.19304062
3732,0.118404396
3733,0.08441676
3734,0.4467938
3735,0.22435047
3736,0.0077090897
3737,3.5700217e-05
3738,0.18517847
3739,0.5718524
3740,0.32214192
3741,0.025997547
3742,0.17681473
3743,0.13002059
3744,0.49332207
3745,1.8552486e-06
3746,0.39023393
3747,0.0027647025
3748,0.53268576
3749,0.56135607
3750,0.55211085
3751,0.016333675
3752,0.0051709358
3753,1.163571e-05
3754,0.4871573
3755,0.0035496089
3756,1.6235714e-06
3757,0.56167156
3758,2.3489652e-05
3759,0.41350126
3760,0.06476394
3761,0.10915373
3762,0.035965197
3763,0.37565282
3764,0.47803304
3765,0.25371546
3766,0.103185415
3767,0.011609891
3768,0.0415676
3769,0.045987677
3770,0.0068814154
3771,0.21033338
3772,0.08193691
3773,1.7568477e-06
3774,0.44967842
3775,0.0033601525
3776,0.15206169
3777,0.31677046
3778,0.25694308
3779,0.04661095
3780,0.00080464524
3781,0.25523967
3782,0.1651219
3783,0.0031321931
3784,0.0008564073
3785,0.14806515
3786,0.184875
3787,0.10296226
3788,0.0035008395
3789,0.20179255
3790,0.5640656
3791,0.3171378
3792,0.018597351
3793,0.43746608
3794,4.1229623e-06
3795,8.944503e-08
3796,0.23965935
3797,0.007814032
3798,0.25204197
3799,0.20190214
3800,0.8226741
3801,0.19973265
3802,0.47857034
3803,0.107116096
3804,0.0052177436
3805,0.24066325
3806,0.04909175
3807,0.41759762
3808,0.07466997
3809,0.062414497
3810,1.5630644e-06
3811,0.45878455
3812,0.043288253
3813,4.615103e-07
3814,0.04800436
3815,1.2250209e-06
3816,0.038858604
3817,0.0242934
3818,0.14589979
3819,0.23477913
3820,0.34470314
3821,0.5282928
3822,0.2086526
3823,0.14866169
3824,1.1205507e-07
3825,0.0004863767
3826,0.008022765
3827,0.007977554
3828,0.17889945
3829,0.37764338
3830,0.17056182
3831,0.025243418
3832,0.06783624
3833,1.8512615e-05
3834,0.071199454
3835,0.5286457
3836,0.12297002
3837,0.31919312
3838,0.23629037
3839,0.0
3840,0.11887779
3841,0.010333096
3842,0.049452513
3843,0.22232248
3844,0.14270298
3845,2.663433e-06
3846,0.054057498
3847,0.033023555
3848,0.1591583
3849,0.020657731
3850,0.046918552
3851,0.2190715
3852,0.01912796
3853,0.09224628
3854,0.107516475
3855,0.18562494
3856,0.2865223
3857,0.078400046
3858,0.2994116
3859,2.9898226e-07
3860,0.050696332
3861,0.14288363
3862,0.41235197
3863,0.0040523927
3864,0.10945609
3865,0.017726487
3866,0.099521495
3867,0.1151983
3868,0.22544214
3869,0.030635756
3870,0.0153226415
3871,0.0022177263
3872,0.0751675
3873,0.32129171
3874,0.15983132
3875,0.0015660797
3876,0.0069900127
3877,0.1309304
3878,7.117065e-07
3879,0.34147507
3880,0.14187023
3881,0.2927764
3882,0.018039446
3883,0.07929374
3884,0.009928043
3885,0.019376844
3886,0.025971362
3887,0.03883474
3888,0.48726538
3889,0.6312082
3890,0.16942267
3891,0.073938966
3892,0.0050080842
3893,0.040890355
3894,5.246561e-05
3895,0.05462057
3896,0.024088413
3897,0.018332936
3898,0.011894204
3899,0.0018991407
3900,0.02652699
3901,0.05272476
3902,0.0047313483
3903,0.4400205
3904,0.027954062
3905,0.0033850763
3906,0.021995168
3907,0.0002065474
3908,0.0053762617
3909,9.750903e-07
3910,0.00012985172
3911,0.011576188
3912,0.031324264
3913,0.0309877
3914,0.11543166
3915,0.032562044
3916,0.0031001754
3917,0.014014304
3918,0.004994294
3919,0.0039614122
3920,0.022590118
3921,3.3105314e-07
3922,0.0034997878
3923,0.02828196
3924,0.0049374313
3925,0.05533691
3926,0.009493786
3927,0.01045938
3928,0.0017929737
3929,2.3157525e-05
3930,3.7595132e-06
3931,0.023247024
3932,0.025381802
3933,0.016525673
3934,3.1216376e-05
3935,0.030732935
3936,0.1818756
3937,0.015310595
3938,0.0010776637
3939,0.00583842
3940,0.021248333
3941,0.08812347
3942,0.006049339
3943,0.00076809817
3944,0.00074913946
3945,0.0033853515
3946,0.031371783
3947,0.20630783
3948,0.20739977
3949,0.18091618
3950,0.017011324
3951,0.05801562
3952,0.16139376
3953,0.18130654
3954,0.10937767
3955,0.017176753
3956,0.021234743
3957,0.0007727915
3958,0.002017209
3959,0.0007507625
3960,0.04148445
3961,0.0187725
3962,0.005041787
3963,0.000406058
3964,0.062474765
3965,0.0056857886
3966,0.28589857
3967,0.19417796
3968,0.0012520661
3969,0.004304993
3970,0.28035554
3971,0.15434769
3972,0.001726648
3973,0.0020026143
3974,0.0010458018
3975,0.077428974
3976,0.039646816
3977,0.03866421
3978,0.00034194693
3979,0.12757601
3980,0.08914803
3981,0.0029970985
3982,0.005655863
3983,0.016801056
3984,7.313041e-05
3985,0.00015381607
3986,0.00057583634
3987,0.0010753988
3988,3.6059566e-06
3989,0.0032382433
3990,0.0032708626
3991,0.0035274266
3992,5.9262784e-06
3993,0.10822344
3994,0.2946485
3995,3.7404783e-07
3996,0.0003476787
3997,0.06481264
3998,0.013464787
3999,0.0013694819
4000,0.056553576
4001,0.12353067
4002,0.03036045
4003,0.0016121973
4004,0.13050433
4005,0.33258542
4006,0.022512432
4007,0.077872016
4008,0.017440975
4009,0.00084835384
4010,0.03481977
4011,0.0010309415
4012,0.0033126664
4013,0.044953234
4014,0.04909935
4015,0.0033073395
4016,0.0019914743
4017,0.149664
4018,2.4494776e-07
4019,0.018164909
4020,0.07550322
4021,0.030529657
4022,0.01725956
4023,0.18648767
4024,0.28328985
4025,0.12123304
4026,0.05074563
4027,5.2555068e-05
4028,0.08826898
4029,0.15493554
4030,0.0013290006
4031,0.07166543
4032,0.0006186401
4033,0.0009024027
4034,0.41473687
4035,0.21270111
4036,0.15862428
4037,0.06823378
4038,0.16132857
4039,0.060607504
4040,0.14981595
4041,0.06889534
4042,0.54348004
4043,0.07889929
4044,0.14366832
4045,0.23789613
4046,0.017433614
4047,0.1567748
4048,1.4479999e-06
4049,0.26896206
4050,0.007854353
4051,0.07903655
4052,0.03881363
4053,0.27402565
4054,0.004475079
4055,5.664461e-07
4056,0.09155558
4057,0.006787523
4058,0.0054793432
4059,0.0003976199
4060,0.4766314
4061,0.5343442
4062,0.039558403
4063,0.0034822223
4064,0.4299107
4065,0.0077748518
4066,0.090584435
4067,1.0
4068,0.17293529
4069,0.18067648
4070,0.021208506
4071,0.003984354
4072,0.3481938
4073,0.1884981
4074,0.047625277
4075,0.012355771
4076,0.0002460701
4077,0.23914288
4078,0.55812764
4079,0.1502004
4080,0.42724907
4081,0.15051249
4082,2.615233e-05
4083,0.034752794
4084,0.001918816
4085,0.0638148
4086,0.8509969
4087,0.45567203
4088,0.12997912
4089,0.19025508
4090,0.5792306
4091,0.07427052
4092,0.45348483
4093,0.3362601
4094,0.09222871
4095,0.32075173
4096,0.19164467
4097,0.5417355
4098,0.19884959
4099,0.37920138
4100,0.034404665
4101,0.0059449268
4102,0.57559776
4103,0.3817687
4104,0.09317508
4105,0.14063962
4106,0.08969927
4107,0.18058829
4108,0.38665414
4109,0.04805486
4110,0.12557779
4111,0.18217209
4112,0.48227936
4113,0.053987682
4114,0.15196472
4115,0.5305922
4116,0.077652484
4117,0.08135456
4118,0.1615597
4119,0.22997966
4120,0.005355702
4121,0.13599502
4122,0.24451031
4123,0.5437087
4124,0.0064106476
4125,0.49585336
4126,0.23029697
4127,0.0036190448
4128,0.24426864
4129,0.14662653
4130,0.1580142
4131,0.0561675
4132,0.5685145
4133,0.2739522
4134,0.18769008
4135,0.17750494
4136,0.20309396
4137,0.054578345
4138,0.079373784
4139,0.22650443
4140,0.010349219
4141,0.11486087
4142,0.002226868
4143,0.38125244
4144,0.031168727
4145,0.0024763108
4146,0.00044333088
4147,0.123802476
4148,0.017376779
4149,0.112558275
4150,0.39555553
4151,0.27868393
4152,0.050062135
4153,0.18534935
4154,0.032141086
4155,0.08855229
4156,0.0049109156
4157,0.49901143
4158,0.0019354755
4159,0.015705878
4160,0.19441035
4161,0.74459594
4162,0.3967153
4163,0.25223625
4164,0.47830006
4165,0.059671834
4166,0.046436034
4167,0.108074546
4168,0.4482133
4169,0.22330664
4170,0.021904374
4171,9.016328e-06
4172,0.5247494
4173,0.04113834
4174,0.061863013
4175,0.06307545
4176,0.009634846
4177,0.0042026667
4178,9.1480416e-07
4179,0.19106878
4180,0.056232095
4181,0.19613339
4182,0.028662698
4183,0.08824546
4184,0.00044386878
4185,0.23186485
4186,0.01074651
4187,0.19048962
4188,0.17143534
4189,0.000109929
4190,0.16346107
4191,1.9126695e-07
4192,0.5546347
4193,0.23005114
4194,0.0027349186
4195,0.007702703
4196,0.20010906
4197,0.26412332
4198,0.012860681
4199,0.15521313
4200,0.00017381884
4201,0.11222203
4202,0.4964867
4203,0.118151106
4204,0.0006995776
4205,0.034806117
4206,0.08095016
4207,0.004627748
4208,0.003661095
4209,0.10003875
4210,0.012130052
4211,0.12347681
4212,0.25724143
4213,0.24295333
4214,0.008136953
4215,0.0003744871
4216,0.25481832
4217,0.26346222
4218,0.0015569649
4219,0.0013933243
4220,0.13198581
4221,0.14559054
4222,0.17950422
4223,0.018794805
4224,0.15272984
4225,0.20205459
4226,0.0028074365
4227,0.2824102
4228,0.14787962
4229,0.1423554
4230,0.09959501
4231,0.15581796
4232,0.14590284
4233,0.049635973
4234,0.3005653
4235,0.2551405
4236,0.46917972
4237,0.01691668
4238,0.087002024
4239,0.10343148
4240,0.2981858
4241,0.11127168
4242,3.5882636e-07
4243,0.01749686
4244,0.046398327
4245,0.006963647
4246,0.001664374
4247,0.17876051
4248,0.0001254827
4249,0.096250564
4250,0.046426505
4251,0.0025166215
4252,0.05498872
4253,0.0021141998
4254,0.06650167
4255,0.050421882
4256,0.39999825
4257,0.0088700615
4258,0.42771432
4259,0.42190373
4260,0.25403547
4261,0.8856159
4262,0.17908593
4263,0.1751413
4264,0.0060497173
4265,0.027031941
4266,4.2782438e-07
4267,0.18601283
4268,0.20558552
4269,0.30743927
4270,0.25617814
4271,3.183534e-06
4272,0.11230192
4273,0.1206535
4274,0.0010883628
4275,0.22188087
4276,0.5291463
4277,0.14156191
4278,0.18110813
4279,0.011279121
4280,0.1968947
4281,0.054149967
4282,0.011009469
4283,0.062858455
4284,0.25428855
4285,0.026131097
4286,0.14303252
4287,0.056141656
4288,0.022987407
4289,0.038696684
4290,0.18138182
4291,0.010891273
4292,0.12116182
4293,0.03987571
4294,0.00345853
4295,0.0011147182
4296,0.041371383
4297,0.0027520368
4298,0.027284402
4299,0.029829955
4300,0.0026943604
4301,0.006119254
4302,0.020445257
4303,0.08427193
4304,0.13609207
4305,0.009636173
4306,0.08455854
4307,0.062460244
4308,0.10301123
4309,0.17276457
4310,0.03298334
4311,0.14125836
4312,0.42734143
4313,0.28455675
4314,0.0029055302
4315,0.040818263
4316,0.57249814
4317,0.0003254829
4318,0.0018540676
4319,0.0037368003
4320,0.005733007
4321,0.27774838
4322,0.35453817
4323,0.45418048
4324,0.08667404
4325,0.09285267
4326,0.084952004
4327,2.9354787e-05
4328,0.21632951
4329,0.29619497
4330,0.09667859
4331,8.260732e-05
4332,3.4253628e-07
4333,0.13561907
4334,0.2189011
4335,0.083630875
4336,0.50217754
4337,0.0014609385
4338,0.22382936
4339,0.30080804
4340,0.033417977
4341,0.112188764
4342,0.028714629
4343,0.0013198113
4344,0.17777103
4345,0.5080459
4346,0.38443106
4347,0.037795708
4348,0.21748586
4349,4.2430247e-07
4350,0.0024333275
4351,0.016933983
4352,0.0090713855
4353,9.917402e-05
4354,0.20014127
4355,0.54374784
4356,0.00012988104
4357,0.037704382
4358,2.3403994e-05
4359,0.016167032
4360,0.10414961
4361,0.0062463945
4362,0.062177144
4363,0.15044378
4364,2.759662e-09
4365,0.1613427
4366,0.00013560505
4367,0.003973484
4368,4.9903836e-05
4369,0.12723774
4370,0.2811726
4371,0.0004331615
4372,0.017850798
4373,9.2621144e-07
4374,3.2603606e-07
4375,4.0567988e-07
4376,0.092147045
4377,0.0150457155
4378,0.00013010106
4379,0.0021466431
4380,0.005324977
4381,1.2560866e-05
4382,0.013255797
4383,2.6233438e-06
4384,0.31497818
4385,0.011486411
4386,0.027970899
4387,0.14765473
4388,0.13310899
4389,4.67894e-08
4390,3.5683584e-07
4391,0.015927695
4392,0.15610652
4393,0.011524388
4394,2.2479253e-06
4395,2.5765405e-07
4396,8.683342e-05
4397,2.9637972e-09
4398,2.3232134e-07
4399,1.01000915e-05
4400,0.0001417815
4401,3.7465803e-08
4402,0.0003170084
4403,1.6830135e-06
4404,0.0004888647
4405,1.6098622e-05
4406,1.5514892e-06
4407,0.002927113
4408,0.00028216827
4409,0.026227435
4410,2.608813e-05
4411,0.031301398
4412,0.005279646
4413,1.1262898e-06
4414,0.00044491634
4415,8.306731e-09
4416,1.1128617e-05
4417,3.1190632e-07
4418,6.228892e-07
4419,1.6711424e-07
4420,0.14290565
4421,1.465523e-07
4422,0.00011564065
4423,9.479435e-06
4424,8.831946e-08
4425,0.0011350233
4426,8.6356937e-07
4427,0.0046471753
4428,0.006174303
4429,7.2342e-05
4430,1.8429182e-05
4431,1.38617725e-05
4432,9.576714e-05
4433,3.4315934e-05
4434,1.4156811e-05
4435,1.4206214e-08
4436,0.3813021
4437,2.2302984e-05
4438,1.8178126e-06
4439,2.0738291e-08
4440,0.024251811
4441,4.584546e-06
4442,0.020127632
4443,3.3531498e-05
4444,0.006278681
4445,0.10184661
4446,0.13606334
4447,4.1789636e-07
4448,2.9435427e-05
4449,2.6198156e-06
4450,1.2298315e-05
4451,0.14836016
4452,0.15468717
4453,1.630668e-05
4454,0.05113923
4455,0.07918932
4456,0.24757424
4457,0.24328375
4458,0.03640028
4459,0.15701418
4460,0.13277535
4461,0.09355511
4462,0.00036156233
4463,0.07314068
4464,8.9212874e-05
4465,0.205096
4466,0.10057503
4467,0.24657558
4468,0.035088647
4469,5.8805796e-07
4470,0.0062090037
4471,0.4910185
4472,4.4681346e-05
4473,0.00051901594
4474,0.08994548
4475,0.0420637
4476,0.2444651
4477,0.96671635
4478,0.11544993
4479,0.002647055
4480,0.054596793
4481,0.120467186
4482,0.009159846
4483,0.15206888
4484,0.18102905
4485,0.005066583
4486,0.39161667
4487,0.4478413
4488,0.0001013033
4489,0.19725357
4490,0.10758197
4491,0.22422706
4492,0.0007265737
4493,2.1729855e-05
4494,8.712735e-06
4495,0.00023526163
4496,0.5025341
4497,0.0018987157
4498,0.04660063
4499,0.0051254528
4500,0.26195812
4501,0.4842553
4502,0.56144005
4503,0.55533576
4504,0.0037917765
4505,0.0034721235
4506,0.0010827215
4507,0.37955865
4508,0.033515252
4509,0.31025907
4510,0.36772683
4511,0.27899614
4512,0.0011304313
4513,0.1123999
4514,0.36071658
4515,0.28805852
4516,0.42423987
4517,0.08002202
4518,0.0025016917
4519,0.13726456
4520,6.131783e-07
4521,0.0067564426
4522,0.2892648
4523,0.17942615
4524,0.0031216377
4525,0.5749631
4526,0.01071403
4527,0.42395765
4528,0.023947995
4529,2.4800473e-05
4530,0.22464576
4531,0.28025588
4532,0.20022151
4533,0.24627379
4534,0.16161728
4535,0.0011333867
4536,0.56485856
4537,0.17435245
4538,0.0042950497
4539,0.021142483
4540,0.013242233
4541,0.13634485
4542,0.03034541
4543,0.4404827
4544,0.9183134
4545,0.06873053
4546,0.019400697
4547,0.015245814
4548,0.5087564
4549,0.09322225
4550,8.9536525e-07
4551,0.10946978
4552,0.0057007256
4553,0.017912233
4554,0.013135283
4555,0.31430566
4556,0.11681639
4557,0.056392338
4558,0.1166929
4559,0.0041573034
4560,0.11880796
4561,5.871075e-07
4562,0.068882845
4563,0.029952794
4564,0.004109928
4565,0.041072547
4566,0.124698676
4567,0.10010317
4568,0.21470205
4569,0.0033388017
4570,0.4779678
4571,0.11052506
4572,0.5242962
4573,0.008890718
4574,0.09768751
4575,0.0003863252
4576,0.020470608
4577,0.078636706
4578,0.09353268
4579,0.008015014
4580,0.22189045
4581,0.015877867
4582,0.24148269
4583,0.0055476017
4584,0.052651297
4585,0.13392952
4586,0.012993021
4587,0.011021395
4588,1.6236287e-05
4589,0.0042052483
4590,0.0004251692
4591,0.008386541
4592,0.0058051976
4593,0.0031571323
4594,0.13105221
4595,0.039202973
4596,0.16459781
4597,0.17730367
4598,0.013830394
4599,0.6058113
4600,0.005033725
4601,0.0009598746
4602,0.21783549
4603,0.31327423
4604,0.0045834566
4605,0.011914419
4606,0.0017721279
4607,0.010996664
4608,0.01015027
4609,3.465432e-05
4610,0.00027616916
4611,0.50029355
4612,0.123705514
4613,0.0027816691
4614,0.31707275
4615,0.13439251
4616,0.11481497
4617,0.12537174
4618,0.3505248
4619,0.1898493
4620,2.3661245e-07
4621,0.33166042
4622,0.482285
4623,0.20386392
4624,0.0014003641
4625,0.3655671
4626,0.44929656
4627,0.41149604
4628,0.033338983
4629,2.1970774e-05
4630,0.04953833
4631,0.18986627
4632,0.0017797587
4633,0.0048739375
4634,0.00026716065
4635,0.22930199
4636,0.0022914202
4637,0.77017564
4638,0.39266065
4639,0.036030196
4640,0.20986578
4641,0.02552457
4642,0.01621239
4643,0.28820792
4644,0.13009694
4645,0.07296053
4646,0.1398659
4647,0.45581686
4648,0.0076527526
4649,0.106206596
4650,0.041179616
4651,0.03525907
4652,1.5667458e-06
4653,0.00016025292
4654,0.008225125
4655,0.2567124
4656,0.006234952
4657,0.018751763
4658,2.7983265e-07
4659,0.09311239
4660,0.5711335
4661,0.29414147
4662,0.03410817
4663,0.16194186
4664,0.08322853
4665,0.18379046
4666,0.28844413
4667,0.12987982
4668,0.14088674
4669,0.009108707
4670,1.2881472e-06
4671,0.07778839
4672,0.028610142
4673,0.11308313
4674,0.06705333
4675,0.113234095
4676,0.0035301463
4677,0.02217197
4678,0.28323957
4679,0.025420854
4680,0.23389302
4681,4.3937504e-05
4682,0.41460228
4683,0.0029728496
4684,0.63338715
4685,0.23394665
4686,4.164104e-06
4687,0.28598645
4688,0.5748126
4689,0.20016281
4690,0.21319138
4691,0.27645537
4692,0.0022079393
4693,0.14794436
4694,0.5107421
4695,0.004402668
4696,0.030694662
4697,0.5335651
4698,0.032161813
4699,0.0059807138
4700,0.2687411
4701,0.14360517
4702,0.5052925
4703,0.061788555
4704,0.45268184
4705,0.054744434
4706,0.002082245
4707,0.29301655
4708,0.3197673
4709,4.554511e-06
4710,0.016081803
4711,0.017430617
4712,0.32657593
4713,0.0017871499
4714,0.0048111705
4715,0.0045879
4716,0.004477991
4717,0.06296147
4718,0.1987271
4719,0.55581605
4720,0.5674443
4721,0.54703605
4722,0.3402459
4723,0.5695992
4724,0.27447048
4725,4.1730172e-07
4726,0.040846366
4727,0.22077937
4728,0.007429313
4729,0.014255074
4730,0.33289412
4731,0.000710617
4732,0.40747496
4733,0.04011201
4734,0.21950991
4735,0.004519082
4736,0.0057926783
4737,0.0008453067
4738,0.01551397
4739,0.07115741
4740,0.12419881
4741,0.0782321
4742,0.02603248
4743,0.20340452
4744,0.3305419
4745,0.0024063417
4746,0.41742203
4747,0.19097033
4748,0.5115762
4749,0.11489401
4750,0.005772522
4751,0.050698884
4752,0.002550761
4753,0.36572146
4754,0.044138465
4755,0.504394
4756,0.019837221
4757,0.352693
4758,0.0073210574
4759,0.017526168
4760,0.011084025
4761,0.115820974
4762,0.04280204
4763,0.05794678
4764,0.0018035315
4765,0.10922479
4766,0.32231718
4767,0.5743736
4768,1.6199567e-05
4769,0.010543802
4770,0.53250706
4771,0.40450788
4772,0.25806135
4773,0.21533819
4774,0.43942758
4775,0.43390128
4776,0.035253473
4777,0.0024838517
4778,0.31930563
4779,0.050544687
4780,0.17500405
4781,0.064019606
4782,0.5478359
4783,0.00027129223
4784,0.02488637
4785,0.34270218
4786,0.09061892
4787,0.5008436
4788,0.015891798
4789,0.0008369283
4790,0.07838587
